ISIN,Maturity,Days Until,Currency,Buy,Buy Rate,Sell,Sell Rate
US900123CR91,23.12.2023,1887,USD,98.045,7.71,99.435278,7.39
US900123CR91,23.12.2023,1886,USD,98.331139,7.65,99.846417,7.29
US900123CR91,23.12.2023,1885,USD,98.420278,7.63,99.995972,7.28
US900123CR91,23.12.2023,1884,USD,99.027417,7.49,100.582972,7.14
US900123CR91,23.12.2023,1880,USD,99.301972,7.44,100.797111,7.09
US900123CR91,23.12.2023,1879,USD,99.392972,7.42,100.90825,7.07
US900123CR91,23.12.2023,1878,USD,98.668111,7.6,100.348667,7.22
US900123CR91,23.12.2023,1877,USD,99.14525,7.49,100.825806,7.11
US900123CR91,23.12.2023,1874,USD,99.637667,7.39,101.152944,7.04
US900123CR91,23.12.2023,1873,USD,100.205806,7.26,101.721083,6.91
US900123CR91,23.12.2023,1872,USD,100.252944,7.25,101.893222,6.87
US900123CR91,23.12.2023,1871,USD,100.290083,7.25,101.990778,6.87
US900123CR91,23.12.2023,1870,USD,100.130222,7.29,101.830917,6.91
US900123CR91,23.12.2023,1867,USD,100.076639,7.31,101.737056,6.94
US900123CR91,23.12.2023,1866,USD,100.193778,7.29,101.834056,6.91
US900123CR91,23.12.2023,1865,USD,100.061917,7.33,101.702194,6.95
US900123CR91,23.12.2023,1864,USD,100.198056,7.3,101.878611,6.92
US900123CR91,23.12.2023,1863,USD,100.320194,7.28,102.00075,6.9
US900123CR91,23.12.2023,1860,USD,99.973611,7.37,101.613889,6.99
US900123CR91,23.12.2023,1859,USD,99.82975,7.41,101.490167,7.03
US900123CR91,23.12.2023,1858,USD,98.474889,7.75,100.175583,7.36
US900123CR91,23.12.2023,1857,USD,98.982167,7.63,100.662722,7.25
US900123CR91,23.12.2023,1856,USD,98.974167,7.63,100.654722,7.25
US900123CR91,23.12.2023,1853,USD,99.052583,7.63,100.692861,7.24
US900123CR91,23.12.2023,1852,USD,98.890722,7.67,100.531,7.29
US900123CR91,23.12.2023,1851,USD,98.282861,7.83,99.923139,7.44
US900123CR91,23.12.2023,1850,USD,99.192,7.61,100.872556,7.22
US900123CR91,23.12.2023,1849,USD,99.351139,7.58,101.031694,7.19
US900123CR91,23.12.2023,1846,USD,99.866556,7.47,101.506833,7.08
US900123CR91,23.12.2023,1845,USD,100.184694,7.39,101.824972,7.01
US900123CR91,23.12.2023,1844,USD,99.699833,7.52,101.340111,7.13
US900123CR91,23.12.2023,1843,USD,99.669972,7.53,101.350528,7.14
US900123CR91,23.12.2023,1842,USD,100.092111,7.43,101.772667,7.05
US900123CR91,23.12.2023,1839,USD,100.274528,7.4,101.914806,7.02
US900123CR91,23.12.2023,1838,USD,100.247667,7.41,101.887944,7.03
US900123CR91,23.12.2023,1837,USD,100.373806,7.39,102.014083,7.0
US900123CR91,23.12.2023,1836,USD,100.662944,7.32,102.3435,6.94
US900123CR91,23.12.2023,1835,USD,101.155083,7.21,102.835639,6.83
US900123CR91,23.12.2023,1832,USD,101.1695,7.22,102.809778,6.84
US900123CR91,23.12.2023,1831,USD,101.330639,7.19,102.970917,6.8
US900123CR91,23.12.2023,1830,USD,101.503778,7.15,103.144056,6.77
US900123CR91,23.12.2023,1829,USD,102.781917,6.85,104.462472,6.47
US900123CR91,23.12.2023,1828,USD,103.016056,6.8,104.71675,6.42
US900123CR91,23.12.2023,1825,USD,103.022472,6.81,104.66275,6.44
US900123CR91,23.12.2023,1824,USD,103.214611,6.77,104.854889,6.39
US900123CR91,23.12.2023,1823,USD,103.23475,6.77,104.875028,6.39
US900123CR91,23.12.2023,1822,USD,103.254889,6.77,104.915306,6.39
US900123CR91,23.12.2023,1821,USD,103.446028,6.73,105.126583,6.35
US900123CR91,23.12.2023,1818,USD,103.488306,6.73,105.148722,6.35
US900123CR91,23.12.2023,1816,USD,103.383583,6.76,105.023861,6.39
US900123CR91,23.12.2023,1815,USD,103.075722,6.84,104.756278,6.46
US900123CR91,23.12.2023,1814,USD,103.493861,6.74,105.174417,6.37
US900123CR91,23.12.2023,1811,USD,103.499278,6.76,105.139556,6.38
US900123CR91,23.12.2023,1810,USD,103.316417,6.8,104.956694,6.43
US900123CR91,23.12.2023,1809,USD,102.747556,6.95,104.387833,6.56
US900123CR91,23.12.2023,1808,USD,102.838694,6.93,104.51925,6.55
US900123CR91,23.12.2023,1807,USD,102.918833,6.91,104.474389,6.56
US900123CR91,23.12.2023,1804,USD,102.12325,7.12,103.713528,6.75
US900123CR91,23.12.2023,1803,USD,102.376389,7.06,103.966667,6.69
US900123CR91,23.12.2023,1802,USD,103.333528,6.84,104.923806,6.47
US900123CR91,23.12.2023,1801,USD,103.427667,6.82,105.078361,6.45
US900123CR91,23.12.2023,1800,USD,104.214806,6.64,105.8655,6.27
US900123CR91,23.12.2023,1797,USD,104.443222,6.6,106.0335,6.23
US900123CR91,23.12.2023,1796,USD,104.157361,6.67,105.747639,6.3
US900123CR91,23.12.2023,1795,USD,104.0115,6.71,105.601778,6.34
US900123CR91,23.12.2023,1794,USD,104.429639,6.61,106.060194,6.25
US900123CR91,23.12.2023,1793,USD,105.159778,6.44,106.790333,6.08
US900123CR91,23.12.2023,1790,USD,105.014194,6.49,106.604472,6.13
US900123CR91,23.12.2023,1789,USD,104.190333,6.69,105.760472,6.32
US900123CR91,23.12.2023,1788,USD,104.909472,6.53,106.479611,6.16
US900123CR91,23.12.2023,1787,USD,106.484472,6.16,108.115028,5.79
US900123CR91,23.12.2023,1786,USD,106.317611,6.2,107.948167,5.84
US900123CR91,23.12.2023,1783,USD,105.641028,6.37,107.231306,6.01
US900123CR91,23.12.2023,1782,USD,105.928167,6.31,107.518444,5.94
US900123CR91,23.12.2023,1781,USD,106.540306,6.17,108.130583,5.81
US900123CR91,23.12.2023,1780,USD,105.675444,6.37,107.306,6.01
US900123CR91,23.12.2023,1779,USD,105.614583,6.39,107.245139,6.03
US900123CR91,23.12.2023,1776,USD,105.445,6.45,107.035278,6.08
US900123CR91,23.12.2023,1775,USD,105.479139,6.44,107.069417,6.08
US900123CR91,23.12.2023,1774,USD,105.764278,6.38,107.354556,6.01
US900123CR91,23.12.2023,1773,USD,105.425417,6.46,107.076111,6.1
US900123CR91,23.12.2023,1772,USD,105.478556,6.46,107.12925,6.09
US900123CR91,23.12.2023,1769,USD,105.479972,6.47,107.090389,6.1
US900123CR91,23.12.2023,1768,USD,105.386111,6.5,107.090389,6.1
US900123CR91,23.12.2023,1767,USD,105.47525,6.48,107.065528,6.11
US900123CR91,23.12.2023,1766,USD,105.455389,6.49,107.085944,6.12
US900123CR91,23.12.2023,1765,USD,105.493528,6.48,107.124083,6.11
US900123CR91,23.12.2023,1762,USD,105.549944,6.48,107.140222,6.12
US900123CR91,23.12.2023,1761,USD,105.858083,6.41,107.448361,6.05
US900123CR91,23.12.2023,1760,USD,106.044222,6.37,107.674778,6.01
US900123CR91,23.12.2023,1759,USD,106.253361,6.33,107.924194,5.96
US900123CR91,23.12.2023,1758,USD,106.135778,6.37,107.766333,6.0
US900123CR91,23.12.2023,1755,USD,105.877194,6.45,107.467472,6.08
US900123CR91,23.12.2023,1754,USD,105.556333,6.53,107.146611,6.16
US900123CR91,23.12.2023,1753,USD,105.402472,6.57,106.99275,6.2
US900123CR91,23.12.2023,1752,USD,105.503611,6.55,107.134167,6.18
US900123CR91,23.12.2023,1751,USD,105.20975,6.63,106.840306,6.25
US900123CR91,23.12.2023,1748,USD,104.913167,6.71,106.503444,6.34
US900123CR91,23.12.2023,1747,USD,105.388306,6.6,106.978583,6.23
US900123CR91,23.12.2023,1746,USD,105.670444,6.54,107.260722,6.16
US900123CR91,23.12.2023,1745,USD,106.036583,6.45,107.667139,6.08
US900123CR91,23.12.2023,1744,USD,106.175722,6.42,107.806278,6.05
US900123CR91,23.12.2023,1741,USD,106.426139,6.38,108.016417,6.0
US900123CR91,23.12.2023,1740,USD,106.880278,6.27,108.470556,5.9
US900123CR91,23.12.2023,1739,USD,106.573417,6.35,108.163694,5.98
US900123CR91,23.12.2023,1738,USD,106.616556,6.34,108.247111,5.97
US900123CR91,23.12.2023,1737,USD,106.068694,6.48,107.69925,6.11
US900123CR91,23.12.2023,1734,USD,103.349111,7.17,104.989389,6.77
US900123CR91,23.12.2023,1733,USD,103.69625,7.09,105.336528,6.69
US900123CR91,23.12.2023,1732,USD,101.576389,7.63,103.466667,7.16
US900123CR91,23.12.2023,1731,USD,101.731528,7.6,103.641944,7.12
US900123CR91,23.12.2023,1730,USD,102.095667,7.51,104.006083,7.04
US900123CR91,23.12.2023,1727,USD,103.901944,7.06,105.792222,6.6
US900123CR91,23.12.2023,1726,USD,104.118083,7.01,105.883361,6.58
US900123CR91,23.12.2023,1725,USD,104.026222,7.04,105.7915,6.61
US900123CR91,23.12.2023,1724,USD,104.545361,6.91,106.350917,6.49
US900123CR91,23.12.2023,1723,USD,105.0615,6.79,106.742056,6.39
US900123CR91,23.12.2023,1720,USD,104.657917,6.9,106.298194,6.51
US900123CR91,23.12.2023,1719,USD,104.037056,7.07,105.677333,6.67
US900123CR91,23.12.2023,1718,USD,103.930194,7.1,105.570472,6.7
US900123CR91,23.12.2023,1717,USD,103.563333,7.2,105.243889,6.79
US900123CR91,23.12.2023,1716,USD,102.445472,7.49,104.126028,7.08
US900123CR91,23.12.2023,1713,USD,101.864889,7.65,103.505167,7.24
US900123CR91,23.12.2023,1712,USD,101.902028,7.65,103.542306,7.24
US900123CR91,23.12.2023,1711,USD,103.367167,7.28,105.007444,6.87
US900123CR91,23.12.2023,1710,USD,102.997306,7.38,104.677861,6.97
US900123CR91,23.12.2023,1709,USD,102.794444,7.43,104.495139,7.03
US900123CR91,23.12.2023,1706,USD,102.854861,7.44,104.515278,7.03
US900123CR91,23.12.2023,1704,USD,103.170139,7.36,104.810417,6.96
US900123CR91,23.12.2023,1703,USD,102.595278,7.52,104.275833,7.11
US900123CR91,23.12.2023,1702,USD,102.148417,7.64,103.828972,7.23
US900123CR91,23.12.2023,1699,USD,102.238833,7.63,103.89925,7.22
US900123CR91,23.12.2023,1698,USD,102.519972,7.57,104.180389,7.15
US900123CR91,23.12.2023,1696,USD,103.25225,7.39,104.932806,6.98
US900123CR91,23.12.2023,1695,USD,103.262389,7.39,104.942944,6.98
US900123CR91,23.12.2023,1692,USD,103.186806,7.43,105.123083,6.94
US900123CR91,23.12.2023,1691,USD,102.634944,7.57,104.775222,7.03
US900123CR91,23.12.2023,1690,USD,102.495083,7.62,104.635361,7.07
US900123CR91,23.12.2023,1689,USD,100.598222,8.13,102.778778,7.57
US900123CR91,23.12.2023,1688,USD,100.845361,8.07,103.025917,7.51
US900123CR91,23.12.2023,1685,USD,100.396778,8.21,102.537056,7.65
US900123CR91,23.12.2023,1684,USD,100.375917,8.22,102.516194,7.66
US900123CR91,23.12.2023,1683,USD,101.089056,8.03,103.229333,7.47
US900123CR91,23.12.2023,1682,USD,101.531194,7.92,103.71175,7.36
US900123CR91,23.12.2023,1681,USD,101.534333,7.92,103.714889,7.37
US900123CR91,23.12.2023,1678,USD,101.95075,7.83,104.091028,7.28
US900123CR91,23.12.2023,1677,USD,101.962889,7.83,104.103167,7.28
US900123CR91,23.12.2023,1676,USD,101.952028,7.84,104.092306,7.29
US900123CR91,23.12.2023,1675,USD,100.751167,8.17,102.951861,7.61
US900123CR91,23.12.2023,1674,USD,100.031306,8.37,102.232,7.81
US900123CR91,23.12.2023,1670,USD,100.442861,8.28,102.583139,7.72
US900123CR91,23.12.2023,1669,USD,100.814,8.19,102.934139,7.62
US900123CR91,23.12.2023,1668,USD,101.536139,8.0,103.696556,7.44
US900123CR91,23.12.2023,1667,USD,101.523139,8.0,103.683556,7.44
US900123CR91,23.12.2023,1664,USD,101.583556,8.0,103.824528,7.45
US900123CR91,23.12.2023,1660,USD,102.982111,7.65,105.162667,7.1
US900123CR91,23.12.2023,1657,USD,103.475528,7.54,105.615806,6.99
US900123CR91,23.12.2023,1656,USD,103.762667,7.47,105.902944,6.92
US900123CR91,23.12.2023,1655,USD,103.782806,7.47,105.923083,6.92
US900123CR91,23.12.2023,1654,USD,103.783944,7.47,105.9645,6.92
US900123CR91,23.12.2023,1653,USD,103.976083,7.43,106.156639,6.88
US900123CR91,23.12.2023,1650,USD,103.1515,7.66,105.291778,7.11
US900123CR91,23.12.2023,1649,USD,102.912639,7.73,105.052917,7.18
US900123CR91,23.12.2023,1648,USD,103.626778,7.55,105.767056,6.99
US900123CR91,23.12.2023,1647,USD,104.600917,7.29,101.954852,7.05
US900123CR91,23.12.2023,1646,USD,105.069056,7.18,102.429704,6.93
US900123CR91,23.12.2023,1643,USD,100.859139,7.03,102.999417,6.49
US900123CR91,23.12.2023,1642,USD,100.868278,7.03,103.008556,6.49
US900123CR91,23.12.2023,1641,USD,102.069417,6.72,104.209694,6.19
US900123CR91,23.12.2023,1640,USD,101.505556,6.88,103.686111,6.33
US900123CR91,23.12.2023,1639,USD,101.525694,6.88,103.70625,6.33
US900123CR91,23.12.2023,1636,USD,102.845111,6.55,104.985389,6.01
US900123CR91,23.12.2023,1635,USD,103.46025,6.4,105.620667,5.86
US900123CR91,23.12.2023,1634,USD,103.543389,6.38,105.744083,5.84
US900123CR91,23.12.2023,1633,USD,103.814667,6.32,105.995222,5.79
US900123CR91,23.12.2023,1632,USD,103.814667,6.32,105.995222,5.79
US900123CR91,23.12.2023,1629,USD,102.572083,6.65,104.712361,6.11
US900123CR91,23.12.2023,1628,USD,102.315222,6.72,104.4555,6.18
US900123CR91,23.12.2023,1627,USD,102.093361,6.79,104.233639,6.24
US900123CR91,23.12.2023,1626,USD,102.2295,6.76,104.430194,6.21
US900123CR91,23.12.2023,1625,USD,101.253639,7.02,103.454333,6.47
US900123CR91,23.12.2023,1621,USD,102.276194,6.77,103.816472,6.38
US900123CR91,23.12.2023,1620,USD,102.493333,6.72,104.033611,6.33
US900123CR91,23.12.2023,1619,USD,102.913472,6.61,104.494028,6.22
US900123CR91,23.12.2023,1618,USD,103.636611,6.43,105.217167,6.04
US900123CR91,23.12.2023,1615,USD,103.505028,6.48,105.045306,6.09
US900123CR91,23.12.2023,1614,USD,103.624167,6.45,105.164444,6.06
US900123CR91,23.12.2023,1613,USD,103.945306,6.37,105.485583,5.99
US900123CR91,23.12.2023,1612,USD,104.551444,6.22,106.132,5.84
US900123CR91,23.12.2023,1611,USD,105.236583,6.05,106.817139,5.67
US900123CR91,23.12.2023,1608,USD,105.297,6.05,106.817139,5.67
US900123CR91,23.12.2023,1607,USD,105.283139,6.06,106.803278,5.68
US900123CR91,23.12.2023,1606,USD,105.430139,6.02,106.970417,5.64
US900123CR91,23.12.2023,1605,USD,104.692278,6.21,106.272833,5.83
US900123CR91,23.12.2023,1604,USD,104.952417,6.15,106.532972,5.77
US900123CR91,23.12.2023,1601,USD,105.051833,6.14,106.592111,5.75
US900123CR91,23.12.2023,1600,USD,104.605972,6.26,106.14625,5.87
US900123CR91,23.12.2023,1599,USD,104.427111,6.31,105.967389,5.92
US900123CR91,23.12.2023,1598,USD,105.26525,6.1,106.785389,5.71
US900123CR91,23.12.2023,1597,USD,105.509389,6.04,107.130222,5.65
US900123CR91,23.12.2023,1591,USD,103.775222,6.52,105.355778,6.12
US900123CR91,23.12.2023,1590,USD,103.628361,6.56,105.208917,6.17
US900123CR91,23.12.2023,1587,USD,104.199778,6.43,105.740056,6.03
US900123CR91,23.12.2023,1586,USD,104.197917,6.43,105.588194,6.08
US900123CR91,23.12.2023,1585,USD,104.076056,6.47,105.616333,6.07
US900123CR91,23.12.2023,1584,USD,103.982194,6.5,105.56275,6.1
US900123CR91,23.12.2023,1583,USD,103.908333,6.52,105.288889,6.18
US900123CR91,23.12.2023,1580,USD,104.26075,6.44,105.801028,6.05
US900123CR91,23.12.2023,1579,USD,104.288889,6.44,105.829167,6.05
US900123CR91,23.12.2023,1578,USD,104.301028,6.44,105.901722,6.05
US900123CR91,23.12.2023,1577,USD,103.954167,6.54,105.534722,6.14
US900123CR91,23.12.2023,1573,USD,104.288583,6.46,105.849,6.07
US900123CR91,23.12.2023,1572,USD,104.613722,6.38,106.154,5.99
US900123CR91,23.12.2023,1571,USD,105.066861,6.27,106.607139,5.88
US900123CR91,23.12.2023,1570,USD,105.45,6.17,107.030556,5.78
US900123CR91,23.12.2023,1569,USD,105.470139,6.17,107.050694,5.78
US900123CR91,23.12.2023,1566,USD,105.280556,6.24,106.820833,5.84
US900123CR91,23.12.2023,1565,USD,104.800694,6.37,106.340972,5.97
US900123CR91,23.12.2023,1564,USD,104.570833,6.43,106.111111,6.04
US900123CR91,23.12.2023,1563,USD,104.215972,6.53,105.796528,6.13
US900123CR91,23.12.2023,1562,USD,104.986111,6.33,106.566667,5.94
US900123CR91,23.12.2023,1559,USD,104.796528,6.4,106.336806,6.0
US900123CR91,23.12.2023,1558,USD,104.941667,6.36,106.481944,5.97
US900123CR91,23.12.2023,1557,USD,105.397806,6.25,106.938083,5.85
US900123CR91,23.12.2023,1556,USD,105.731944,6.16,107.1875,5.8
US900123CR91,23.12.2023,1555,USD,105.752083,6.16,107.207639,5.8
US900123CR91,23.12.2023,1552,USD,105.8125,6.16,107.227778,5.8
US900123CR91,23.12.2023,1551,USD,106.582639,5.96,107.997917,5.6
US900123CR91,23.12.2023,1550,USD,106.352778,6.03,107.768056,5.67
US900123CR91,23.12.2023,1549,USD,106.672917,5.95,108.153472,5.58
US900123CR91,23.12.2023,1548,USD,107.018056,5.86,108.598611,5.47
US900123CR91,23.12.2023,1545,USD,106.953472,5.89,108.49375,5.5
US900123CR91,23.12.2023,1544,USD,107.098611,5.86,108.638889,5.47
US900123CR91,23.12.2023,1543,USD,106.61875,5.99,108.159028,5.6
US900123CR91,23.12.2023,1542,USD,107.138889,5.86,108.719444,5.46
US900123CR91,23.12.2023,1541,USD,107.534028,5.76,109.114583,5.37
US900123CR91,23.12.2023,1538,USD,107.594444,5.76,109.134722,5.37
US900123CR91,23.12.2023,1537,USD,107.114583,5.89,108.654861,5.49
US900123CR91,23.12.2023,1536,USD,106.784722,5.98,108.525,5.53
US900123CR91,23.12.2023,1535,USD,105.929861,6.21,107.730556,5.76
US900123CR91,23.12.2023,1534,USD,105.95,6.21,107.750694,5.76
US900123CR91,23.12.2023,1531,USD,105.405556,6.38,107.145833,5.92
US900123CR91,23.12.2023,1530,USD,105.955556,6.23,107.695833,5.78
US900123CR91,23.12.2023,1529,USD,105.925694,6.24,107.665972,5.79
US900123CR91,23.12.2023,1528,USD,105.445833,6.38,107.226389,5.92
US900123CR91,23.12.2023,1527,USD,106.965972,5.97,108.496528,5.59
US900123CR91,23.12.2023,1524,USD,106.518389,6.11,108.258667,5.65
US900123CR91,23.12.2023,1523,USD,106.369528,6.15,108.109806,5.7
US900123CR91,23.12.2023,1522,USD,107.069667,5.97,108.809944,5.52
US900123CR91,23.12.2023,1521,USD,107.461806,5.87,109.242361,5.42
US900123CR91,23.12.2023,1520,USD,108.130944,5.7,109.931639,5.25
US900123CR91,23.12.2023,1515,USD,108.494639,5.62,110.214778,5.18
US900123CR91,23.12.2023,1514,USD,108.262639,5.68,110.043194,5.23
US900123CR91,23.12.2023,1513,USD,108.477778,5.63,110.258333,5.18
US900123CR91,23.12.2023,1510,USD,108.913194,5.53,110.653472,5.08
US900123CR91,23.12.2023,1509,USD,108.558333,5.63,110.298611,5.18
US900123CR91,23.12.2023,1508,USD,108.858472,5.55,110.59875,5.1
US900123CR91,23.12.2023,1507,USD,109.098611,5.49,110.899306,5.04
US900123CR91,23.12.2023,1506,USD,109.35975,5.43,111.160444,4.98
US900123CR91,23.12.2023,1503,USD,109.602167,5.38,111.362583,4.93
US900123CR91,23.12.2023,1502,USD,109.349306,5.45,111.079583,5.0
US900123CR91,23.12.2023,1501,USD,109.489444,5.42,111.219722,4.97
US900123CR91,23.12.2023,1500,USD,110.009583,5.28,111.790139,4.84
US900123CR91,23.12.2023,1499,USD,110.429722,5.18,112.210278,4.73
US900123CR91,23.12.2023,1496,USD,110.810139,5.09,112.550417,4.65
US900123CR91,23.12.2023,1495,USD,110.850278,5.08,112.600556,4.64
US900123CR91,23.12.2023,1494,USD,110.570417,5.16,112.320694,4.71
US900123CR91,23.12.2023,1493,USD,110.506556,5.18,112.287111,4.73
US900123CR91,23.12.2023,1492,USD,110.600694,5.16,112.38125,4.71
US900123CR91,23.12.2023,1489,USD,110.836111,5.11,112.576389,4.67
US900123CR91,23.12.2023,1488,USD,110.46125,5.21,112.221667,4.77
US900123CR91,23.12.2023,1487,USD,110.391389,5.24,112.192083,4.79
US900123CR91,23.12.2023,1486,USD,110.091667,5.33,111.872222,4.87
US900123CR91,23.12.2023,1485,USD,110.071667,5.33,111.842222,4.88
US900123CR91,23.12.2023,1482,USD,110.182083,5.31,111.912361,4.87
US900123CR91,23.12.2023,1481,USD,110.122222,5.33,111.8625,4.88
US900123CR91,23.12.2023,1480,USD,110.172361,5.33,111.902639,4.88
US900123CR91,23.12.2023,1479,USD,110.3125,5.29,112.083056,4.84
US900123CR91,23.12.2023,1478,USD,110.392639,5.27,112.163194,4.82
US900123CR91,23.12.2023,1475,USD,110.393056,5.29,112.123333,4.84
US900123CR91,23.12.2023,1474,USD,110.343194,5.31,112.073472,4.85
US900123CR91,23.12.2023,1473,USD,110.333333,5.31,112.063611,4.86
US900123CR91,23.12.2023,1472,USD,110.393472,5.3,112.164028,4.85
US900123CR91,23.12.2023,1471,USD,110.723611,5.22,112.494167,4.76
US900123CR91,23.12.2023,1468,USD,110.784028,5.21,112.514306,4.76
US900123CR91,23.12.2023,1467,USD,110.804167,5.21,112.534444,4.76
US900123CR91,23.12.2023,1466,USD,110.974306,5.17,112.704583,4.72
US900123CR91,23.12.2023,1465,USD,110.944444,5.18,112.725,4.73
US900123CR91,23.12.2023,1461,USD,107.41,5.18,109.160417,4.72
US900123CR91,23.12.2023,1460,USD,107.380139,5.19,109.130556,4.73
US900123CR91,23.12.2023,1457,USD,107.500556,5.17,109.250972,4.71
US900123CR91,23.12.2023,1454,USD,107.600972,5.15,109.33125,4.7
US900123CR91,23.12.2023,1453,USD,107.860972,5.08,109.611389,4.63
US900123CR91,23.12.2023,1451,USD,107.95125,5.07,109.721806,4.61
US900123CR91,23.12.2023,1450,USD,108.041389,5.05,109.811944,4.59
US900123CR91,23.12.2023,1447,USD,107.911806,5.09,109.642083,4.64
US900123CR91,23.12.2023,1446,USD,108.051944,5.06,109.782222,4.61
US900123CR91,23.12.2023,1445,USD,108.122083,5.04,109.852361,4.59
US900123CR91,23.12.2023,1444,USD,108.392222,4.98,110.162778,4.52
US900123CR91,23.12.2023,1443,USD,108.362361,4.99,110.122917,4.53
US900123CR91,23.12.2023,1440,USD,108.552778,4.95,110.283056,4.5
US900123CR91,23.12.2023,1439,USD,108.812917,4.88,110.543194,4.43
US900123CR91,23.12.2023,1438,USD,109.213056,4.78,110.943333,4.33
US900123CR91,23.12.2023,1437,USD,109.863194,4.61,111.663889,4.15
US900123CR91,23.12.2023,1436,USD,109.758333,4.64,111.434028,4.22
US900123CR91,23.12.2023,1433,USD,110.28175,4.51,111.133167,4.3
US900123CR91,23.12.2023,1432,USD,110.313889,4.51,110.954167,4.35
US900123CR91,23.12.2023,1431,USD,110.434028,4.48,111.649306,4.17
US900123CR91,23.12.2023,1430,USD,110.954167,4.35,112.209722,4.03
US900123CR91,23.12.2023,1429,USD,111.099306,4.31,112.354861,3.99
US900123CR91,23.12.2023,1426,USD,110.614722,4.45,111.945,4.11
US900123CR91,23.12.2023,1425,USD,111.429861,4.24,112.770139,3.89
US900123CR91,23.12.2023,1424,USD,111.7,4.17,112.895139,3.86
US900123CR91,23.12.2023,1423,USD,111.720139,4.17,112.955556,3.85
US900123CR91,23.12.2023,1422,USD,111.600139,4.2,112.537694,3.97
US900123CR91,23.12.2023,1419,USD,111.905556,4.13,113.120833,3.82
US900123CR91,23.12.2023,1418,USD,111.550694,4.23,112.890972,3.88
US900123CR91,23.12.2023,1417,USD,111.570833,4.22,112.911111,3.88
US900123CR91,23.12.2023,1416,USD,111.840972,4.16,113.096528,3.84
US900123CR91,23.12.2023,1415,USD,111.361111,4.29,112.741667,3.94
US900123CR91,23.12.2023,1412,USD,109.796528,4.72,112.261806,4.07
US900123CR91,23.12.2023,1411,USD,110.066667,4.65,111.406944,4.3
US900123CR91,23.12.2023,1410,USD,110.336806,4.58,111.677083,4.23
US900123CR91,23.12.2023,1409,USD,110.356944,4.58,111.757639,4.22
US900123CR91,23.12.2023,1408,USD,110.627083,4.51,112.277778,4.08
US900123CR91,23.12.2023,1405,USD,110.487639,4.56,111.807917,4.21
US900123CR91,23.12.2023,1404,USD,110.457639,4.57,111.797917,4.22
US900123CR91,23.12.2023,1403,USD,110.352778,4.6,111.693056,4.25
US900123CR91,23.12.2023,1402,USD,109.622917,4.81,111.003472,4.44
US900123CR91,23.12.2023,1401,USD,109.643056,4.8,111.023611,4.44
US900123CR91,23.12.2023,1398,USD,109.328472,4.9,110.66875,4.54
US900123CR91,23.12.2023,1397,USD,109.098611,4.97,110.438889,4.61
US900123CR91,23.12.2023,1396,USD,108.99375,5.0,110.334028,4.64
US900123CR91,23.12.2023,1395,USD,108.888889,5.04,110.289583,4.67
US900123CR91,23.12.2023,1394,USD,107.209028,5.51,108.569722,5.15
US900123CR91,23.12.2023,1391,USD,107.759583,5.37,109.059861,5.02
US900123CR91,23.12.2023,1390,USD,108.884722,5.06,109.975,4.77
US900123CR91,23.12.2023,1389,USD,109.779861,4.82,111.120139,4.46
US900123CR91,23.12.2023,1388,USD,110.05,4.75,111.430556,4.38
US900123CR91,23.12.2023,1387,USD,108.920139,5.07,110.270694,4.71
US900123CR91,23.12.2023,1384,USD,106.880556,5.66,108.720833,5.14
US900123CR91,23.12.2023,1383,USD,109.010694,5.06,110.320972,4.7
US900123CR91,23.12.2023,1382,USD,107.670833,5.44,109.511111,4.93
US900123CR91,23.12.2023,1381,USD,104.940972,6.24,106.821528,5.71
US900123CR91,23.12.2023,1380,USD,104.461111,6.38,106.341667,5.85
US900123CR91,23.12.2023,1377,USD,103.271528,6.76,105.111806,6.22
US900123CR91,23.12.2023,1376,USD,100.791667,7.52,102.631944,6.97
US900123CR91,23.12.2023,1375,USD,100.191806,7.72,101.796083,7.23
US900123CR91,23.12.2023,1374,USD,97.950944,8.44,99.4875,7.97
US900123CR91,23.12.2023,1373,USD,98.515083,8.26,100.022639,7.81
US900123CR91,23.12.2023,1370,USD,97.5365,8.6,99.001778,8.14
US900123CR91,23.12.2023,1369,USD,97.533639,8.61,99.001917,8.15
US900123CR91,23.12.2023,1368,USD,100.130778,7.78,101.663056,7.32
US900123CR91,23.12.2023,1367,USD,100.780917,7.59,102.356472,7.12
US900123CR91,23.12.2023,1366,USD,101.346056,7.42,102.836472,6.97
US900123CR91,23.12.2023,1363,USD,99.497472,8.02,100.819611,7.61
US900123CR91,23.12.2023,1362,USD,99.106472,8.14,100.44875,7.73
US900123CR91,23.12.2023,1361,USD,97.894611,8.54,99.328889,8.09
US900123CR91,23.12.2023,1360,USD,97.41175,8.71,98.885306,8.26
US900123CR91,23.12.2023,1359,USD,95.934889,9.21,97.444444,8.74
US900123CR91,23.12.2023,1356,USD,94.232306,9.81,95.664583,9.34
US900123CR91,23.12.2023,1355,USD,95.550444,9.37,97.125722,8.86
US900123CR91,23.12.2023,1354,USD,96.624583,9.02,98.239861,8.5
US900123CR91,23.12.2023,1353,USD,97.850722,8.62,99.515278,8.1
US900123CR91,23.12.2023,1348,USD,100.131417,7.91,101.791694,7.4
US900123CR91,23.12.2023,1347,USD,99.986556,7.97,101.706833,7.43
US900123CR91,23.12.2023,1346,USD,98.664694,8.4,100.70625,7.77
US900123CR91,23.12.2023,1345,USD,98.488833,8.47,100.574389,7.82
US900123CR91,23.12.2023,1342,USD,99.95425,8.01,102.001528,7.37
US900123CR91,23.12.2023,1341,USD,100.437389,7.86,102.505806,7.22
US900123CR91,23.12.2023,1340,USD,100.176528,7.95,102.277222,7.32
US900123CR91,23.12.2023,1338,USD,100.814806,7.76,102.730361,7.18
US900123CR91,23.12.2023,1335,USD,102.603222,7.21,104.5455,6.62
US900123CR91,23.12.2023,1334,USD,102.809361,7.15,104.949639,6.5
US900123CR91,23.12.2023,1333,USD,102.7875,7.17,105.238194,6.43
US900123CR91,23.12.2023,1332,USD,103.153639,7.06,105.464333,6.37
US900123CR91,23.12.2023,1328,USD,102.573194,7.27,104.983472,6.52
US900123CR91,23.12.2023,1327,USD,102.958333,7.15,105.598611,6.34
US900123CR91,23.12.2023,1326,USD,103.403472,7.02,105.99375,6.22
US900123CR91,23.12.2023,1325,USD,101.657611,7.58,104.696167,6.64
US900123CR91,23.12.2023,1324,USD,101.09375,7.77,104.524306,6.7
US900123CR91,23.12.2023,1321,USD,101.594167,7.63,104.554444,6.7
US900123CR91,23.12.2023,1320,USD,102.629306,7.3,105.766583,6.33
US900123CR91,23.12.2023,1319,USD,103.019444,7.18,106.031722,6.25
US900123CR91,23.12.2023,1318,USD,102.596583,7.32,105.773139,6.35
US900123CR91,23.12.2023,1317,USD,102.286722,7.43,105.592417,6.42
US900123CR91,23.12.2023,1314,USD,102.905139,7.25,106.110556,6.26
US900123CR91,23.12.2023,1312,USD,104.235417,6.84,107.379694,5.88
US900123CR91,23.12.2023,1311,USD,105.130556,6.57,108.339389,5.61
US900123CR91,23.12.2023,1310,USD,105.095694,6.58,108.172528,5.67
US900123CR91,23.12.2023,1305,USD,105.192389,6.58,108.017667,5.72
US900123CR91,23.12.2023,1304,USD,105.219528,6.58,107.709944,5.82
US900123CR91,23.12.2023,1303,USD,105.079667,6.63,107.904083,5.77
US900123CR91,23.12.2023,1300,USD,105.132944,6.62,108.145222,5.7
US900123CR91,23.12.2023,1299,USD,105.477083,6.52,108.800361,5.5
US900123CR91,23.12.2023,1298,USD,106.247222,6.29,109.6545,5.25
US900123CR91,23.12.2023,1297,USD,107.484361,5.91,110.014917,5.16
US900123CR91,23.12.2023,1296,USD,107.6295,5.87,110.543056,5.0
US900123CR91,23.12.2023,1293,USD,108.467917,5.63,110.870194,4.91
US900123CR91,23.12.2023,1292,USD,107.659056,5.88,110.329333,5.08
US900123CR91,23.12.2023,1291,USD,107.531194,5.93,110.333472,5.08
US900123CR91,23.12.2023,1290,USD,107.083333,6.07,109.901889,5.22
US900123CR91,23.12.2023,1289,USD,107.200472,6.04,109.633028,5.31
US900123CR91,23.12.2023,1286,USD,106.561889,6.26,109.349167,5.4
US900123CR91,23.12.2023,1285,USD,107.259028,6.04,109.742306,5.29
US900123CR91,23.12.2023,1284,USD,107.557167,5.96,109.844444,5.26
US900123CR91,23.12.2023,1283,USD,107.482306,5.98,109.969861,5.24
US900123CR91,23.12.2023,1279,USD,107.646861,5.95,106.162139,5.3
US900123CR91,23.12.2023,1278,USD,104.0,5.97,105.973278,5.37
US900123CR91,23.12.2023,1277,USD,103.653139,6.08,105.827417,5.41
US900123CR91,23.12.2023,1276,USD,103.530278,6.13,105.462833,5.54
US900123CR91,23.12.2023,1275,USD,103.697417,6.08,105.837972,5.43
US900123CR91,23.12.2023,1272,USD,103.865833,6.04,105.758111,5.46
US900123CR91,23.12.2023,1271,USD,103.566972,6.14,105.67325,5.49
US900123CR91,23.12.2023,1270,USD,103.905111,6.04,105.961389,5.41
US900123CR91,23.12.2023,1269,USD,103.87925,6.05,106.206806,5.35
US900123CR91,23.12.2023,1268,USD,104.451389,5.88,106.328944,5.31
US900123CR91,23.12.2023,1265,USD,104.528806,5.87,106.367083,5.31
US900123CR91,23.12.2023,1264,USD,103.925944,6.07,105.951222,5.44
US900123CR91,23.12.2023,1263,USD,103.779083,6.12,105.709361,5.52
US900123CR91,23.12.2023,1262,USD,103.772222,6.13,105.761778,5.52
US900123CR91,23.12.2023,1261,USD,103.545361,6.2,105.520917,5.6
US900123CR91,23.12.2023,1258,USD,103.629778,6.19,105.483194,5.62
US900123CR91,23.12.2023,1257,USD,103.597917,6.21,105.391333,5.66
US900123CR91,23.12.2023,1255,USD,103.738194,6.18,105.67075,5.58
US900123CR91,23.12.2023,1254,USD,103.843333,6.15,105.708889,5.58
US900123CR91,23.12.2023,1251,USD,103.92475,6.14,105.778028,5.56
US900123CR91,23.12.2023,1250,USD,104.501889,5.96,106.393167,5.37
US900123CR91,23.12.2023,1249,USD,104.548028,5.95,106.440306,5.36
US900123CR91,23.12.2023,1248,USD,105.314167,5.71,107.097722,5.17
US900123CR91,23.12.2023,1247,USD,104.804306,5.88,106.714861,5.29
US900123CR91,23.12.2023,1244,USD,105.052722,5.82,106.79,5.28
US900123CR91,23.12.2023,1243,USD,104.254861,6.08,106.290139,5.44
US900123CR91,23.12.2023,1242,USD,103.206,6.42,105.619694,5.67
US900123CR91,23.12.2023,1236,USD,100.661694,7.3,103.176972,6.47
US900123CR91,23.12.2023,1235,USD,100.231833,7.45,102.847111,6.59
US900123CR91,23.12.2023,1234,USD,99.835972,7.6,102.429528,6.75
US900123CR91,23.12.2023,1233,USD,99.745111,7.64,102.337667,6.78
US900123CR91,23.12.2023,1230,USD,100.674528,7.34,103.209806,6.5
US900123CR91,23.12.2023,1229,USD,102.099667,6.86,104.639944,6.04
US900123CR91,23.12.2023,1228,USD,102.491806,6.74,105.037083,5.91
US900123CR91,23.12.2023,1227,USD,103.109944,6.54,105.4955,5.78
US900123CR91,23.12.2023,1226,USD,102.449083,6.77,105.363639,5.83
US900123CR91,23.12.2023,1223,USD,102.1455,6.89,104.785778,6.02
US900123CR91,23.12.2023,1222,USD,101.790639,7.01,104.483917,6.13
US900123CR91,23.12.2023,1221,USD,102.527778,6.77,105.068056,5.94
US900123CR91,23.12.2023,1220,USD,102.770917,6.7,105.248472,5.9
US900123CR91,23.12.2023,1219,USD,103.058056,6.61,105.622611,5.78
US900123CR91,23.12.2023,1216,USD,103.183472,6.58,105.58575,5.8
US900123CR91,23.12.2023,1215,USD,103.426611,6.51,105.828889,5.73
US900123CR91,23.12.2023,1214,USD,103.61275,6.45,106.036028,5.66
US900123CR91,23.12.2023,1213,USD,104.019889,6.32,106.447306,5.54
US900123CR91,23.12.2023,1212,USD,104.129028,6.29,106.709444,5.46
US900123CR91,23.12.2023,1209,USD,103.919306,6.37,106.829583,5.43
US900123CR91,23.12.2023,1208,USD,104.530444,6.18,107.150722,5.33
US900123CR91,23.12.2023,1207,USD,105.076583,6.0,107.606861,5.19
US900123CR91,23.12.2023,1206,USD,104.909722,6.06,107.495417,5.24
US900123CR91,23.12.2023,1205,USD,104.349861,6.25,107.120556,5.37
US900123CR91,23.12.2023,1202,USD,104.727278,6.15,107.417694,5.28
US900123CR91,23.12.2023,1201,USD,104.815417,6.12,107.465694,5.26
US900123CR91,23.12.2023,1200,USD,104.530556,6.22,107.150833,5.37
US900123CR91,23.12.2023,1199,USD,104.870694,6.11,107.50725,5.27
US900123CR91,23.12.2023,1198,USD,104.959833,6.09,107.596389,5.25
US900123CR91,23.12.2023,1195,USD,104.81925,6.16,107.416528,5.31
US900123CR91,23.12.2023,1194,USD,104.869389,6.14,107.529667,5.28
US900123CR91,23.12.2023,1193,USD,105.083528,6.08,107.803806,5.19
US900123CR91,23.12.2023,1192,USD,104.584667,6.25,107.437222,5.33
US900123CR91,23.12.2023,1191,USD,104.531806,6.28,107.332361,5.37
US900123CR91,23.12.2023,1188,USD,103.868222,6.52,106.6885,5.58
US900123CR91,23.12.2023,1187,USD,103.165361,6.77,106.167639,5.76
US900123CR91,23.12.2023,1186,USD,103.3395,6.71,106.154778,5.77
US900123CR91,23.12.2023,1185,USD,103.262639,6.75,106.073194,5.82
US900123CR91,23.12.2023,1184,USD,103.890778,6.54,106.806333,5.58
US900123CR91,23.12.2023,1181,USD,103.867194,6.56,106.709472,5.62
US900123CR91,23.12.2023,1180,USD,103.639333,6.65,106.431611,5.71
US900123CR91,23.12.2023,1179,USD,103.871472,6.58,106.64375,5.65
US900123CR91,23.12.2023,1178,USD,104.361611,6.41,107.145167,5.5
US900123CR91,23.12.2023,1177,USD,104.39475,6.41,107.177306,5.49
US900123CR91,23.12.2023,1174,USD,104.736167,6.31,107.526444,5.38
US900123CR91,23.12.2023,1173,USD,105.183306,6.16,107.906583,5.26
US900123CR91,23.12.2023,1172,USD,104.741444,6.32,107.331722,5.46
US900123CR91,23.12.2023,1171,USD,104.305583,6.48,107.001278,5.59
US900123CR91,23.12.2023,1170,USD,104.453722,6.43,107.154417,5.54
US900123CR91,23.12.2023,1167,USD,104.740278,6.36,107.380556,5.47
US900123CR91,23.12.2023,1166,USD,104.801278,6.34,107.441556,5.45
US900123CR91,23.12.2023,1165,USD,104.633417,6.4,107.273694,5.51
US900123CR91,23.12.2023,1164,USD,104.385556,6.49,107.066111,5.6
US900123CR91,23.12.2023,1163,USD,104.359694,6.51,107.03525,5.62
US900123CR91,23.12.2023,1160,USD,104.827111,6.37,107.517389,5.46
US900123CR91,23.12.2023,1159,USD,104.84925,6.37,107.539528,5.46
US900123CR91,23.12.2023,1158,USD,105.202389,6.25,107.742667,5.39
US900123CR91,23.12.2023,1157,USD,104.958528,6.34,107.534083,5.48
US900123CR91,23.12.2023,1156,USD,104.918667,6.36,107.569222,5.47
US900123CR91,23.12.2023,1153,USD,104.549083,6.51,107.159361,5.62
US900123CR91,23.12.2023,1152,USD,104.416222,6.56,107.096639,5.65
US900123CR91,23.12.2023,1151,USD,104.446361,6.56,107.146917,5.65
US900123CR91,23.12.2023,1149,USD,103.701639,6.84,106.318056,5.94
US900123CR91,23.12.2023,1146,USD,103.794917,6.82,106.250194,5.97
US900123CR91,23.12.2023,1145,USD,103.432056,6.95,105.957333,6.07
US900123CR91,23.12.2023,1144,USD,103.498194,6.94,106.078472,6.04
US900123CR91,23.12.2023,1143,USD,103.877333,6.81,106.642889,5.86
US900123CR91,23.12.2023,1142,USD,104.801472,6.49,107.372028,5.61
US900123CR91,23.12.2023,1139,USD,105.790889,6.16,108.341306,5.29
US900123CR91,23.12.2023,1138,USD,106.120028,6.05,108.675444,5.18
US900123CR91,23.12.2023,1137,USD,108.329306,5.3,110.93,4.45
US900123CR91,23.12.2023,1136,USD,108.132306,5.36,110.807861,4.48
US900123CR91,23.12.2023,1135,USD,108.213444,5.34,110.889,4.46
US900123CR91,23.12.2023,1132,USD,108.348861,5.31,110.989139,4.43
US900123CR91,23.12.2023,1131,USD,108.023,5.43,110.758278,4.51
US900123CR91,23.12.2023,1130,USD,108.080139,5.42,110.880417,4.48
US900123CR91,23.12.2023,1129,USD,108.906278,5.14,111.846833,4.17
US900123CR91,23.12.2023,1128,USD,108.892417,5.15,111.832972,4.18
US900123CR91,23.12.2023,1125,USD,108.771833,5.2,111.731111,4.22
US900123CR91,23.12.2023,1124,USD,108.655972,5.25,111.576389,4.28
US900123CR91,23.12.2023,1123,USD,108.642111,5.26,111.597806,4.28
US900123CR91,23.12.2023,1122,USD,108.651389,5.27,111.491944,4.32
US900123CR91,23.12.2023,1121,USD,109.048389,5.13,111.983944,4.16
US900123CR91,23.12.2023,1118,USD,109.086806,5.13,111.982083,4.16
US900123CR91,23.12.2023,1117,USD,109.121944,5.13,111.987222,4.16
US900123CR91,23.12.2023,1116,USD,109.557083,4.98,112.492361,4.0
US900123CR91,23.12.2023,1115,USD,109.695222,4.94,112.670778,3.95
US900123CR91,23.12.2023,1114,USD,110.087361,4.81,113.067917,3.82
US900123CR91,23.12.2023,1111,USD,110.119778,4.81,113.055056,3.83
US900123CR91,23.12.2023,1110,USD,109.963917,4.87,112.904194,3.89
US900123CR91,23.12.2023,1109,USD,110.085056,4.84,113.020333,3.85
US900123CR91,23.12.2023,1108,USD,109.921194,4.9,112.89675,3.91
US900123CR91,23.12.2023,1107,USD,109.773333,4.95,112.348889,4.09
US900123CR91,23.12.2023,1104,USD,110.07175,4.87,112.487028,4.05
US900123CR91,23.12.2023,1103,USD,110.292889,4.8,112.828167,3.94
US900123CR91,23.12.2023,1102,USD,110.497028,4.73,113.032306,3.88
US900123CR91,23.12.2023,1101,USD,111.048167,4.55,113.623722,3.69
US900123CR91,23.12.2023,1100,USD,111.319306,4.46,113.894861,3.6
US900123CR91,23.12.2023,1097,USD,111.273722,4.49,113.809,3.64
US900123CR91,23.12.2023,1096,USD,111.265861,4.49,110.176139,3.64
US900123CR91,23.12.2023,1095,USD,108.0,4.38,110.277694,3.62
US900123CR91,23.12.2023,1094,USD,107.933139,4.4,110.263833,3.63
US900123CR91,23.12.2023,1089,USD,108.165833,4.35,110.655972,3.5
US900123CR91,23.12.2023,1088,USD,108.510972,4.23,111.061528,3.38
US900123CR91,23.12.2023,1087,USD,108.506972,4.23,111.072667,3.38
US900123CR91,23.12.2023,1083,USD,108.741528,4.17,111.161806,3.36
US900123CR91,23.12.2023,1082,USD,108.505667,4.25,110.807944,3.48
US900123CR91,23.12.2023,1081,USD,108.463806,4.27,110.686083,3.52
US900123CR91,23.12.2023,1080,USD,108.556944,4.25,110.7525,3.51
US900123CR91,23.12.2023,1079,USD,108.532083,4.26,110.810639,3.49
US900123CR91,23.12.2023,1076,USD,108.5445,4.27,110.783778,3.51
US900123CR91,23.12.2023,1075,USD,108.340639,4.34,110.579917,3.58
US900123CR91,23.12.2023,1074,USD,108.229778,4.39,110.469056,3.62
US900123CR91,23.12.2023,1073,USD,108.380917,4.34,110.679611,3.56
US900123CR91,23.12.2023,1072,USD,108.318056,4.36,110.61375,3.59
US900123CR91,23.12.2023,1069,USD,108.127472,4.44,110.46575,3.64
US900123CR91,23.12.2023,1068,USD,108.377611,4.36,110.602889,3.6
US900123CR91,23.12.2023,1067,USD,108.42875,4.35,110.619028,3.6
US900123CR91,23.12.2023,1066,USD,108.585889,4.3,110.941444,3.5
US900123CR91,23.12.2023,1065,USD,108.695028,4.26,111.055583,3.46
US900123CR91,23.12.2023,1062,USD,109.000444,4.17,111.320722,3.37
US900123CR91,23.12.2023,1061,USD,108.897583,4.21,111.182861,3.43
US900123CR91,23.12.2023,1060,USD,109.076722,4.15,111.367,3.37
US900123CR91,23.12.2023,1059,USD,108.923861,4.21,111.234278,3.42
US900123CR91,23.12.2023,1058,USD,109.288,4.09,111.598417,3.3
US900123CR91,23.12.2023,1055,USD,109.640278,3.97,111.730556,3.26
US900123CR91,23.12.2023,1054,USD,109.755417,3.94,111.845694,3.22
US900123CR91,23.12.2023,1053,USD,109.882556,3.9,111.972833,3.18
US900123CR91,23.12.2023,1052,USD,109.848694,3.91,111.84925,3.23
US900123CR91,23.12.2023,1051,USD,110.099833,3.83,112.105389,3.15
US900123CR91,23.12.2023,1048,USD,110.25825,3.78,112.223528,3.11
US900123CR91,23.12.2023,1047,USD,110.159389,3.82,112.124667,3.15
US900123CR91,23.12.2023,1046,USD,110.222528,3.8,111.987806,3.2
US900123CR91,23.12.2023,1045,USD,110.148667,3.83,111.969361,3.22
US900123CR91,23.12.2023,1044,USD,110.344806,3.77,112.1705,3.15
US900123CR91,23.12.2023,1041,USD,110.455222,3.74,112.2205,3.13
US900123CR91,23.12.2023,1040,USD,110.510361,3.73,112.275639,3.12
US900123CR91,23.12.2023,1039,USD,110.3615,3.78,112.126778,3.17
US900123CR91,23.12.2023,1038,USD,110.495639,3.74,112.301194,3.12
US900123CR91,23.12.2023,1037,USD,110.466778,3.75,112.267333,3.14
US900123CR91,23.12.2023,1034,USD,110.355194,3.81,112.115472,3.19
US900123CR91,23.12.2023,1033,USD,110.348333,3.81,112.128611,3.19
US900123CR91,23.12.2023,1032,USD,110.349472,3.82,111.80975,3.31
US900123CR91,23.12.2023,1031,USD,110.163611,3.89,111.899444,3.29
US900123CR91,23.12.2023,1030,USD,109.64875,4.08,111.384583,3.48
US900123CR91,23.12.2023,1027,USD,109.999444,3.97,111.669722,3.38
US900123CR91,23.12.2023,1026,USD,110.209583,3.9,111.879861,3.31
US900123CR91,23.12.2023,1025,USD,110.069722,3.96,111.74,3.37
US900123CR91,23.12.2023,1024,USD,109.489861,4.17,111.200417,3.57
US900123CR91,23.12.2023,1023,USD,109.15,4.3,110.850556,3.7
US900123CR91,23.12.2023,1020,USD,108.715417,4.47,110.578694,3.8
US900123CR91,23.12.2023,1019,USD,108.651556,4.5,110.301833,3.91
US900123CR91,23.12.2023,1018,USD,108.759694,4.47,110.409972,3.87
US900123CR91,23.12.2023,1017,USD,109.503833,4.2,111.199389,3.6
US900123CR91,23.12.2023,1016,USD,109.360972,4.25,111.051528,3.65
US900123CR91,23.12.2023,1013,USD,109.533389,4.2,111.183667,3.61
US900123CR91,23.12.2023,1012,USD,109.824528,4.1,111.474806,3.51
US900123CR91,23.12.2023,1011,USD,109.780667,4.12,111.430944,3.53
US900123CR91,23.12.2023,1010,USD,109.883806,4.09,111.574361,3.49
US900123CR91,23.12.2023,1009,USD,109.853944,4.1,111.5445,3.5
US900123CR91,23.12.2023,1006,USD,101.609361,7.32,108.868639,4.49
US900123CR91,23.12.2023,1005,USD,102.8855,6.81,107.780778,4.91
US900123CR91,23.12.2023,1004,USD,103.263639,6.67,106.903917,5.25
US900123CR91,23.12.2023,1003,USD,103.738778,6.48,107.804333,4.92
US900123CR91,23.12.2023,1002,USD,103.670917,6.52,107.586472,5.01
US900123CR91,23.12.2023,999,USD,103.620333,6.56,107.475472,5.06
US900123CR91,23.12.2023,998,USD,103.583472,6.58,106.938611,5.27
US900123CR91,23.12.2023,997,USD,103.811472,6.49,106.70675,5.36
US900123CR91,23.12.2023,996,USD,104.478611,6.23,107.314167,5.15
US900123CR91,23.12.2023,995,USD,104.22475,6.34,107.560306,5.06
US900123CR91,23.12.2023,992,USD,104.285167,6.34,107.580444,5.05
US900123CR91,23.12.2023,991,USD,105.252306,5.96,108.052583,4.88
US900123CR91,23.12.2023,990,USD,105.352444,5.93,108.152722,4.85
US900123CR91,23.12.2023,989,USD,105.344583,5.94,108.185139,4.85
US900123CR91,23.12.2023,988,USD,105.557722,5.86,108.393278,4.78
US900123CR91,23.12.2023,985,USD,105.855139,5.76,108.655417,4.68
US900123CR91,23.12.2023,984,USD,105.849278,5.77,108.649556,4.69
US900123CR91,23.12.2023,983,USD,106.067417,5.69,108.867694,4.61
US900123CR91,23.12.2023,982,USD,106.525556,5.51,109.366111,4.43
US900123CR91,23.12.2023,981,USD,106.945694,5.36,109.78125,4.28
US900123CR91,23.12.2023,978,USD,107.378111,5.2,110.178389,4.13
US900123CR91,23.12.2023,977,USD,107.29225,5.24,110.092528,4.17
US900123CR91,23.12.2023,976,USD,107.268389,5.26,110.129083,4.18
US900123CR91,23.12.2023,975,USD,107.381528,5.22,109.742222,4.33
US900123CR91,23.12.2023,971,USD,107.184083,5.32,109.479361,4.44
US900123CR91,23.12.2023,970,USD,107.480222,5.21,109.7755,4.33
US900123CR91,23.12.2023,969,USD,107.458361,5.23,109.743639,4.34
US900123CR91,23.12.2023,968,USD,107.6505,5.16,109.976056,4.27
US900123CR91,23.12.2023,967,USD,107.602639,5.18,109.928194,4.29
US900123CR91,23.12.2023,964,USD,107.718056,5.15,110.108333,4.23
US900123CR91,23.12.2023,963,USD,108.090194,5.01,110.400472,4.12
US900123CR91,23.12.2023,962,USD,108.298333,4.94,110.568611,4.06
US900123CR91,23.12.2023,961,USD,108.692472,4.79,111.043028,3.89
US900123CR91,23.12.2023,960,USD,108.909611,4.71,111.250167,3.82
US900123CR91,23.12.2023,957,USD,109.147028,4.63,111.447306,3.74
US900123CR91,23.12.2023,956,USD,109.331167,4.56,111.707,3.67
US900123CR91,23.12.2023,955,USD,109.299306,4.58,111.675139,3.68
US900123CR91,23.12.2023,950,USD,109.358,4.58,111.673417,3.69
US900123CR91,23.12.2023,949,USD,109.498139,4.53,111.813556,3.64
US900123CR91,23.12.2023,947,USD,109.498417,4.54,111.833972,3.65
US900123CR91,23.12.2023,946,USD,109.586556,4.52,111.927111,3.62
US900123CR91,23.12.2023,943,USD,109.792972,4.45,112.14325,3.54
US900123CR91,23.12.2023,942,USD,109.844111,4.43,112.189389,3.52
US900123CR91,23.12.2023,941,USD,109.89425,4.42,112.239528,3.51
US900123CR91,23.12.2023,940,USD,109.998389,4.38,112.383944,3.46
US900123CR91,23.12.2023,939,USD,109.967528,4.4,112.353083,3.48
US900123CR91,23.12.2023,936,USD,109.912806,4.43,112.258083,3.52
US900123CR91,23.12.2023,935,USD,110.008944,4.4,112.354222,3.48
US900123CR91,23.12.2023,934,USD,110.005083,4.41,112.335361,3.49
US900123CR91,23.12.2023,933,USD,110.118222,4.37,112.353778,3.5
US900123CR91,23.12.2023,932,USD,110.091361,4.38,112.321917,3.52
US900123CR91,23.12.2023,929,USD,110.298778,4.32,112.489056,3.46
US900123CR91,23.12.2023,928,USD,110.373917,4.29,112.569194,3.43
US900123CR91,23.12.2023,927,USD,110.620056,4.2,112.810333,3.34
US900123CR91,23.12.2023,926,USD,110.783194,4.14,113.01375,3.27
US900123CR91,23.12.2023,925,USD,111.209333,3.97,113.444889,3.1
US900123CR91,23.12.2023,922,USD,111.25675,3.97,113.447028,3.11
US900123CR91,23.12.2023,921,USD,110.840889,4.14,113.036167,3.27
US900123CR91,23.12.2023,920,USD,110.847028,4.14,113.037306,3.28
US900123CR91,23.12.2023,919,USD,110.714167,4.2,112.944722,3.33
US900123CR91,23.12.2023,918,USD,110.661306,4.23,112.891861,3.35
US900123CR91,23.12.2023,915,USD,110.752722,4.21,113.01,3.31
US900123CR91,23.12.2023,914,USD,110.761861,4.21,109.322139,3.34
US900123CR91,23.12.2023,913,USD,107.181,4.19,109.366278,3.32
US900123CR91,23.12.2023,912,USD,107.188139,4.2,109.418694,3.31
US900123CR91,23.12.2023,911,USD,107.251278,4.18,109.441833,3.31
US900123CR91,23.12.2023,908,USD,107.244694,4.19,109.419972,3.32
US900123CR91,23.12.2023,907,USD,107.220833,4.21,109.381111,3.34
US900123CR91,23.12.2023,906,USD,107.188972,4.23,109.35425,3.36
US900123CR91,23.12.2023,905,USD,107.278111,4.2,109.498806,3.31
US900123CR91,23.12.2023,904,USD,107.08425,4.28,109.304944,3.4
US900123CR91,23.12.2023,901,USD,107.239667,4.23,109.399944,3.36
US900123CR91,23.12.2023,900,USD,107.269806,4.22,109.230083,3.43
US900123CR91,23.12.2023,899,USD,107.267944,4.23,109.223222,3.44
US900123CR91,23.12.2023,898,USD,107.407083,4.18,109.202639,3.46
US900123CR91,23.12.2023,897,USD,107.549222,4.12,109.349778,3.4
US900123CR91,23.12.2023,894,USD,107.596639,4.12,109.356917,3.4
US900123CR91,23.12.2023,893,USD,107.649778,4.1,109.450194,3.37
US900123CR91,23.12.2023,892,USD,107.583917,4.13,109.424611,3.4
US900123CR91,23.12.2023,890,USD,107.784194,4.06,109.730583,3.3
US900123CR91,23.12.2023,887,USD,107.841611,4.05,109.742722,3.3
US900123CR91,23.12.2023,880,USD,107.827583,4.09,109.649861,3.34
US900123CR91,23.12.2023,879,USD,107.915722,4.06,109.696,3.33
US900123CR91,23.12.2023,878,USD,107.891861,4.08,109.667139,3.34
US900123CR91,23.12.2023,877,USD,108.035,4.02,109.830417,3.28
US900123CR91,23.12.2023,876,USD,108.083139,4.01,109.878556,3.27
US900123CR91,23.12.2023,873,USD,108.235417,3.95,110.010694,3.22
US900123CR91,23.12.2023,872,USD,108.268556,3.94,110.043833,3.21
US900123CR91,23.12.2023,871,USD,108.283694,3.94,110.047972,3.21
US900123CR91,23.12.2023,870,USD,108.107833,4.02,109.927389,3.27
US900123CR91,23.12.2023,869,USD,108.108972,4.03,109.953528,3.27
US900123CR91,23.12.2023,866,USD,108.025389,4.08,109.836667,3.32
US900123CR91,23.12.2023,865,USD,107.907528,4.13,109.861806,3.31
US900123CR91,23.12.2023,864,USD,107.935667,4.13,109.787944,3.35
US900123CR91,23.12.2023,863,USD,108.110806,4.06,110.005361,3.27
US900123CR91,23.12.2023,862,USD,108.245944,4.0,110.1405,3.22
US900123CR91,23.12.2023,859,USD,108.398361,3.95,110.250639,3.17
US900123CR91,23.12.2023,858,USD,108.4575,3.93,110.257778,3.18
US900123CR91,23.12.2023,857,USD,108.445639,3.94,110.245917,3.18
US900123CR91,23.12.2023,856,USD,108.416778,3.96,110.179333,3.23
US900123CR91,23.12.2023,855,USD,108.425917,3.96,110.188472,3.23
US900123CR91,23.12.2023,852,USD,108.451333,3.97,110.173611,3.24
US900123CR91,23.12.2023,851,USD,108.595472,3.91,110.30775,3.18
US900123CR91,23.12.2023,850,USD,108.757611,3.84,110.469889,3.12
US900123CR91,23.12.2023,849,USD,108.74975,3.85,110.602306,3.07
US900123CR91,23.12.2023,848,USD,108.830889,3.82,110.658444,3.05
US900123CR91,23.12.2023,844,USD,108.990306,3.77,110.949583,2.93
US900123CR91,23.12.2023,843,USD,108.844444,3.84,110.917722,2.95
US900123CR91,23.12.2023,842,USD,108.940583,3.8,110.797278,3.02
US900123CR91,23.12.2023,841,USD,108.935722,3.81,110.793417,3.02
US900123CR91,23.12.2023,838,USD,108.921139,3.83,110.718417,3.06
US900123CR91,23.12.2023,837,USD,108.995278,3.8,110.792556,3.03
US900123CR91,23.12.2023,836,USD,108.947417,3.83,110.692694,3.08
US900123CR91,23.12.2023,835,USD,108.925556,3.84,110.713111,3.08
US900123CR91,23.12.2023,834,USD,109.133694,3.75,110.89425,3.0
US900123CR91,23.12.2023,831,USD,109.181111,3.75,110.901389,3.0
US900123CR91,23.12.2023,830,USD,109.03625,3.82,110.754528,3.07
US900123CR91,23.12.2023,829,USD,109.018389,3.83,110.738667,3.08
US900123CR91,23.12.2023,828,USD,108.920528,3.88,110.681083,3.12
US900123CR91,23.12.2023,827,USD,108.718667,3.97,110.477222,3.21
US900123CR91,23.12.2023,824,USD,108.456083,4.11,110.174361,3.35
US900123CR91,23.12.2023,823,USD,108.712222,4.0,110.4305,3.24
US900123CR91,23.12.2023,822,USD,108.792361,3.97,110.310639,3.3
US900123CR91,23.12.2023,821,USD,108.2085,4.24,109.815056,3.53
US900123CR91,23.12.2023,820,USD,107.846639,4.41,109.643194,3.62
US900123CR91,23.12.2023,817,USD,107.413056,4.62,108.973333,3.92
US900123CR91,23.12.2023,816,USD,107.163194,4.74,108.733472,4.04
US900123CR91,23.12.2023,815,USD,107.603333,4.55,109.173611,3.84
US900123CR91,23.12.2023,814,USD,107.813472,4.46,109.424028,3.75
US900123CR91,23.12.2023,813,USD,107.433611,4.64,108.994167,3.95
US900123CR91,23.12.2023,810,USD,107.845028,4.47,109.351306,3.79
US900123CR91,23.12.2023,809,USD,107.871167,4.46,109.377444,3.78
US900123CR91,23.12.2023,808,USD,107.825306,4.49,109.331583,3.81
US900123CR91,23.12.2023,807,USD,108.055444,4.39,109.622139,3.7
US900123CR91,23.12.2023,806,USD,107.909583,4.46,109.476278,3.77
US900123CR91,23.12.2023,803,USD,107.906,4.48,109.412278,3.8
US900123CR91,23.12.2023,802,USD,107.919139,4.48,109.425417,3.8
US900123CR91,23.12.2023,801,USD,108.049278,4.43,109.555556,3.74
US900123CR91,23.12.2023,800,USD,107.830417,4.53,109.376972,3.84
US900123CR91,23.12.2023,799,USD,107.780556,4.56,109.351111,3.86
US900123CR91,23.12.2023,796,USD,107.670972,4.64,109.20425,3.93
US900123CR91,23.12.2023,795,USD,107.783111,4.59,109.315389,3.88
US900123CR91,23.12.2023,794,USD,107.75425,4.61,109.287528,3.9
US900123CR91,23.12.2023,793,USD,107.505389,4.73,109.075944,4.02
US900123CR91,23.12.2023,792,USD,107.196528,4.89,108.832083,4.14
US900123CR91,23.12.2023,789,USD,107.061944,4.97,108.682222,4.21
US900123CR91,23.12.2023,788,USD,107.683083,4.68,109.303361,3.93
US900123CR91,23.12.2023,787,USD,107.727222,4.67,109.387778,3.91
US900123CR91,23.12.2023,786,USD,107.761361,4.66,109.421917,3.89
US900123CR91,23.12.2023,782,USD,107.897778,4.61,109.508056,3.86
US900123CR91,23.12.2023,781,USD,108.150917,4.5,109.708194,3.77
US900123CR91,23.12.2023,780,USD,108.367056,4.4,109.925333,3.67
US900123CR91,23.12.2023,779,USD,108.710194,4.24,110.30875,3.51
US900123CR91,23.12.2023,778,USD,108.810333,4.2,110.410889,3.47
US900123CR91,23.12.2023,775,USD,109.27275,4.0,110.831028,3.27
US900123CR91,23.12.2023,774,USD,109.287889,4.0,110.865306,3.27
US900123CR91,23.12.2023,773,USD,109.221028,4.03,110.838722,3.29
US900123CR91,23.12.2023,772,USD,109.013167,4.14,110.577722,3.42
US900123CR91,23.12.2023,771,USD,108.986306,4.16,110.550861,3.43
US900123CR91,23.12.2023,768,USD,109.171722,4.09,110.696,3.37
US900123CR91,23.12.2023,767,USD,109.027861,4.16,110.552139,3.44
US900123CR91,23.12.2023,766,USD,108.831,4.26,110.353278,3.54
US900123CR91,23.12.2023,765,USD,108.237139,4.56,109.815694,3.82
US900123CR91,23.12.2023,764,USD,107.924278,4.72,109.500833,3.98
US900123CR91,23.12.2023,761,USD,108.235694,4.59,109.773972,3.85
US900123CR91,23.12.2023,760,USD,107.069833,5.17,108.62425,4.42
US900123CR91,23.12.2023,759,USD,107.077972,5.18,108.842667,4.33
US900123CR91,23.12.2023,758,USD,107.186111,5.13,108.830667,4.34
US900123CR91,23.12.2023,757,USD,107.00625,5.23,108.650806,4.44
US900123CR91,23.12.2023,754,USD,106.767667,5.37,108.403944,4.56
US900123CR91,23.12.2023,753,USD,106.251806,5.64,108.052083,4.75
US900123CR91,23.12.2023,752,USD,105.890944,5.83,107.521222,5.02
US900123CR91,23.12.2023,751,USD,105.166083,6.22,106.940639,5.34
US900123CR91,23.12.2023,750,USD,105.094222,6.26,106.870778,5.38
US900123CR91,23.12.2023,747,USD,105.154639,6.26,106.890917,5.38
US900123CR91,23.12.2023,746,USD,105.335778,6.17,107.072056,5.29
US900123CR91,23.12.2023,745,USD,105.940917,5.87,107.677194,4.99
US900123CR91,23.12.2023,744,USD,105.706056,6.0,107.676611,5.02
US900123CR91,23.12.2023,743,USD,105.639194,6.04,107.47675,5.13
US900123CR91,23.12.2023,740,USD,105.260611,6.27,107.052889,5.35
US900123CR91,23.12.2023,739,USD,105.29075,6.26,107.025028,5.38
US900123CR91,23.12.2023,738,USD,105.268889,6.28,107.003167,5.39
US900123CR91,23.12.2023,737,USD,105.308028,6.27,107.048583,5.4
US900123CR91,23.12.2023,736,USD,104.902167,6.5,106.631722,5.62
US900123CR91,23.12.2023,733,USD,102.337583,7.92,104.529861,6.75
US900123CR91,23.12.2023,732,USD,102.966722,7.59,105.751,6.1
US900123CR91,23.12.2023,731,USD,102.462861,7.88,101.380139,6.51
US900123CR91,23.12.2023,730,USD,100.003,7.25,102.587556,5.9
US900123CR91,23.12.2023,729,USD,100.174139,7.17,102.661694,5.86
US900123CR91,23.12.2023,726,USD,99.855556,7.37,102.762833,5.82
US900123CR91,23.12.2023,725,USD,99.875694,7.37,102.782972,5.82
US900123CR91,23.12.2023,724,USD,100.357833,7.12,102.906972,5.75
US900123CR91,23.12.2023,723,USD,100.253972,7.19,102.919389,5.77
US900123CR91,23.12.2023,722,USD,100.519972,7.04,103.028528,5.72
US900123CR91,23.12.2023,719,USD,100.727389,6.96,102.820667,5.84
US900123CR91,23.12.2023,718,USD,100.710528,6.98,102.833806,5.84
US900123CR91,23.12.2023,717,USD,101.281667,6.67,103.269944,5.62
US900123CR91,23.12.2023,716,USD,101.154806,6.75,103.185361,5.69
US900123CR91,23.12.2023,715,USD,101.000944,6.85,103.0095,5.79
US900123CR91,23.12.2023,712,USD,101.073361,6.84,103.041639,5.78
US900123CR91,23.12.2023,711,USD,101.1945,6.78,103.112778,5.75
US900123CR91,23.12.2023,710,USD,101.792639,6.46,103.712917,5.44
US900123CR91,23.12.2023,709,USD,102.904778,5.87,104.935472,4.82
US900123CR91,23.12.2023,708,USD,102.906917,5.87,104.930611,4.83
US900123CR91,23.12.2023,705,USD,102.823333,5.95,104.788611,4.9
US900123CR91,23.12.2023,704,USD,102.734472,6.01,104.69975,4.96
US900123CR91,23.12.2023,703,USD,102.985611,5.88,104.935889,4.84
US900123CR91,23.12.2023,702,USD,103.41575,5.65,105.306306,4.66
US900123CR91,23.12.2023,701,USD,103.642889,5.54,105.633444,4.49
US900123CR91,23.12.2023,698,USD,103.710306,5.52,105.660583,4.49
US900123CR91,23.12.2023,697,USD,103.396444,5.71,105.346722,4.66
US900123CR91,23.12.2023,696,USD,103.670583,5.56,105.589861,4.54
US900123CR91,23.12.2023,695,USD,103.656722,5.58,105.533139,4.58
US900123CR91,23.12.2023,694,USD,103.675861,5.58,105.521278,4.6
US900123CR91,23.12.2023,691,USD,103.635139,5.62,105.535417,4.6
US900123CR91,23.12.2023,690,USD,103.646278,5.62,105.546556,4.6
US900123CR91,23.12.2023,689,USD,103.786417,5.55,105.623694,4.56
US900123CR91,23.12.2023,688,USD,103.738556,5.59,105.614111,4.59
US900123CR91,23.12.2023,687,USD,103.690694,5.62,105.56825,4.62
US900123CR91,23.12.2023,684,USD,103.468111,5.77,105.303389,4.77
US900123CR91,23.12.2023,683,USD,103.53525,5.75,105.370528,4.74
US900123CR91,23.12.2023,682,USD,103.672389,5.68,105.507667,4.68
US900123CR91,23.12.2023,681,USD,103.924528,5.55,105.800083,4.54
US900123CR91,23.12.2023,680,USD,103.735667,5.66,105.611222,4.65
US900123CR91,23.12.2023,677,USD,103.522083,5.81,105.357361,4.8
US900123CR91,23.12.2023,676,USD,103.586222,5.78,105.4195,4.77
US900123CR91,23.12.2023,675,USD,103.724361,5.71,105.559639,4.7
US900123CR91,23.12.2023,674,USD,103.7305,5.72,105.623194,4.7
US900123CR91,23.12.2023,673,USD,103.741639,5.72,105.566333,4.73
US900123CR91,23.12.2023,670,USD,103.798056,5.72,105.562333,4.74
US900123CR91,23.12.2023,669,USD,103.577194,5.85,105.341472,4.87
US900123CR91,23.12.2023,668,USD,103.436333,5.94,105.198611,4.96
US900123CR91,23.12.2023,667,USD,102.345472,6.58,104.148028,5.58
US900123CR91,23.12.2023,666,USD,102.783611,6.34,104.626444,5.33
US900123CR91,23.12.2023,663,USD,102.326028,6.64,104.678583,5.31
US900123CR91,23.12.2023,662,USD,102.965444,6.3,104.777722,5.26
US900123CR91,23.12.2023,661,USD,102.937583,6.32,104.749861,5.29
US900123CR91,23.12.2023,660,USD,102.384722,6.66,104.587278,5.41
US900123CR91,23.12.2023,659,USD,101.798861,7.02,103.697417,5.94
US900123CR91,23.12.2023,656,USD,100.095278,8.09,102.660556,6.56
US900123CR91,23.12.2023,655,USD,99.840417,8.26,102.212694,6.84
US900123CR91,23.12.2023,654,USD,100.356556,7.96,102.730833,6.54
US900123CR91,23.12.2023,653,USD,101.107694,7.51,103.52025,6.1
US900123CR91,23.12.2023,652,USD,100.827833,7.69,103.240389,6.28
US900123CR91,23.12.2023,649,USD,101.17225,7.52,103.544528,6.11
US900123CR91,23.12.2023,648,USD,101.483389,7.34,103.830667,5.95
US900123CR91,23.12.2023,647,USD,102.308528,6.85,104.716806,5.43
US900123CR91,23.12.2023,646,USD,102.431667,6.79,104.879222,5.36
US900123CR91,23.12.2023,645,USD,102.181806,6.95,104.630361,5.52
US900123CR91,23.12.2023,642,USD,102.130222,7.02,104.5355,5.59
US900123CR91,23.12.2023,641,USD,102.014361,7.1,104.419639,5.67
US900123CR91,23.12.2023,640,USD,102.2025,7.0,104.607778,5.56
US900123CR91,23.12.2023,639,USD,102.177639,7.03,104.608194,5.59
US900123CR91,23.12.2023,638,USD,102.225778,7.01,104.694333,5.55
US900123CR91,23.12.2023,635,USD,102.291194,7.01,104.719472,5.54
US900123CR91,23.12.2023,634,USD,102.960333,6.6,104.870472,5.45
US900123CR91,23.12.2023,633,USD,102.866472,6.67,104.806611,5.5
US900123CR91,23.12.2023,632,USD,103.308472,6.4,105.277028,5.25
US900123CR91,23.12.2023,631,USD,103.122611,6.53,105.091167,5.37
US900123CR91,23.12.2023,628,USD,103.214028,6.5,105.167306,5.33
US900123CR91,23.12.2023,627,USD,103.353167,6.43,105.306444,5.26
US900123CR91,23.12.2023,626,USD,103.077306,6.61,104.953583,5.48
US900123CR91,23.12.2023,625,USD,103.083444,6.62,104.998,5.48
US900123CR91,23.12.2023,624,USD,102.689583,6.88,104.805139,5.61
US900123CR91,23.12.2023,621,USD,102.951,6.75,104.867278,5.58
US900123CR91,23.12.2023,620,USD,103.036139,6.71,104.809417,5.63
US900123CR91,23.12.2023,619,USD,103.140278,6.65,104.929556,5.56
US900123CR91,23.12.2023,618,USD,103.118417,6.68,104.940972,5.58
US900123CR91,23.12.2023,617,USD,103.092556,6.71,104.915111,5.61
US900123CR91,23.12.2023,614,USD,103.152972,6.71,104.93525,5.61
US900123CR91,23.12.2023,613,USD,103.053111,6.78,104.852389,5.67
US900123CR91,23.12.2023,612,USD,103.56125,6.47,105.360528,5.36
US900123CR91,23.12.2023,611,USD,103.652389,6.42,105.489944,5.31
US900123CR91,23.12.2023,610,USD,103.514528,6.52,105.352083,5.41
US900123CR91,23.12.2023,607,USD,103.355944,6.66,105.153222,5.54
US900123CR91,23.12.2023,606,USD,103.594083,6.52,105.360361,5.42
US900123CR91,23.12.2023,605,USD,103.612222,6.52,105.4075,5.4
US900123CR91,23.12.2023,604,USD,103.658361,6.5,105.556333,5.37
US900123CR91,23.12.2023,603,USD,103.6155,6.54,105.513472,5.4
US900123CR91,23.12.2023,597,USD,103.465333,6.71,105.300889,5.57
US900123CR91,23.12.2023,596,USD,102.893472,7.1,104.727028,5.95
US900123CR91,23.12.2023,593,USD,102.525889,7.38,104.317167,6.23
US900123CR91,23.12.2023,592,USD,101.679028,7.97,104.173306,6.33
US900123CR91,23.12.2023,591,USD,101.910167,7.82,103.776444,6.61
US900123CR91,23.12.2023,590,USD,101.738306,7.96,103.617861,6.75
US900123CR91,23.12.2023,589,USD,101.574444,8.08,103.454,6.87
US900123CR91,23.12.2023,586,USD,100.858861,8.62,103.078139,7.14
US900123CR91,23.12.2023,585,USD,101.267,8.35,103.135417,7.13
US900123CR91,23.12.2023,584,USD,101.345139,8.32,103.252833,7.09
US900123CR91,23.12.2023,582,USD,101.290417,8.38,103.175972,7.15
US900123CR91,23.12.2023,579,USD,101.726833,8.13,103.575111,6.9
US900123CR91,23.12.2023,578,USD,101.518972,8.29,103.36425,7.05
US900123CR91,23.12.2023,577,USD,101.600111,8.25,103.445389,7.01
US900123CR91,23.12.2023,576,USD,101.65625,8.23,103.539806,6.99
US900123CR91,23.12.2023,575,USD,102.083389,7.95,103.922944,6.74
US900123CR91,23.12.2023,572,USD,101.952806,8.08,104.275944,6.5
US900123CR91,23.12.2023,571,USD,102.109806,7.97,104.455083,6.39
US900123CR91,23.12.2023,570,USD,102.141944,7.97,104.422222,6.42
US900123CR91,23.12.2023,569,USD,102.257083,7.9,104.579639,6.35
US900123CR91,23.12.2023,568,USD,102.277222,7.9,104.599778,6.35
US900123CR91,23.12.2023,565,USD,102.369639,7.88,104.722917,6.28
US900123CR91,23.12.2023,564,USD,102.003778,8.16,104.284056,6.59
US900123CR91,23.12.2023,563,USD,101.083917,8.83,103.552194,7.11
US900123CR91,23.12.2023,562,USD,100.751056,9.09,103.253611,7.37
US900123CR91,23.12.2023,561,USD,99.749194,9.84,102.57275,7.86
US900123CR91,23.12.2023,558,USD,97.503611,11.58,100.651889,9.27
US900123CR91,23.12.2023,557,USD,97.65375,11.49,100.834028,9.16
US900123CR91,23.12.2023,556,USD,98.659889,10.75,101.720167,8.53
US900123CR91,23.12.2023,555,USD,98.621028,10.8,101.817722,8.52
US900123CR91,23.12.2023,554,USD,98.646167,10.81,101.761861,8.58
US900123CR91,23.12.2023,551,USD,98.975583,10.62,102.033861,8.38
US900123CR91,23.12.2023,550,USD,99.348722,10.36,102.409,8.13
US900123CR91,23.12.2023,549,USD,99.539861,10.24,98.975139,8.0
US900123CR91,23.12.2023,548,USD,96.454,9.85,99.554556,7.63
US900123CR91,23.12.2023,547,USD,96.853139,9.57,99.950694,7.36
US900123CR91,23.12.2023,544,USD,97.708556,8.99,100.771833,6.78
US900123CR91,23.12.2023,543,USD,97.396694,9.24,100.421972,7.05
US900123CR91,23.12.2023,542,USD,97.036833,9.53,100.060111,7.32
US900123CR91,23.12.2023,541,USD,96.448972,9.99,99.529667,7.77
US900123CR91,23.12.2023,540,USD,96.596111,9.9,99.676806,7.68
US900123CR91,23.12.2023,537,USD,96.709528,9.87,99.731806,7.64
US900123CR91,23.12.2023,536,USD,97.091667,9.6,100.051944,7.42
US900123CR91,23.12.2023,535,USD,96.969806,9.71,99.900083,7.54
US900123CR91,23.12.2023,534,USD,96.826944,9.84,99.832778,7.67
US900123CR91,23.12.2023,533,USD,96.895083,9.81,99.905917,7.63
US900123CR91,23.12.2023,528,USD,96.417778,10.28,99.757472,7.81
US900123CR91,23.12.2023,527,USD,95.967917,10.66,99.323611,8.15
US900123CR91,23.12.2023,523,USD,96.623472,10.23,100.53875,7.25
US900123CR91,23.12.2023,522,USD,96.841611,10.07,100.662889,7.17
US900123CR91,23.12.2023,521,USD,97.30375,9.73,100.516028,7.29
US900123CR91,23.12.2023,520,USD,97.816889,9.35,101.157444,6.86
US900123CR91,23.12.2023,519,USD,97.910028,9.3,101.012583,6.98
US900123CR91,23.12.2023,516,USD,97.843444,9.41,100.954722,7.04
US900123CR91,23.12.2023,515,USD,97.777583,9.48,100.676861,7.26
US900123CR91,23.12.2023,514,USD,97.384722,9.81,100.235,7.62
US900123CR91,23.12.2023,513,USD,97.909861,9.41,100.970278,7.08
US900123CR91,23.12.2023,512,USD,98.665,8.84,101.535417,6.67
US900123CR91,23.12.2023,509,USD,99.648278,8.1,102.943556,5.62
US900123CR91,23.12.2023,508,USD,99.707417,8.08,102.921694,5.65
US900123CR91,23.12.2023,507,USD,99.720556,8.08,102.823833,5.74
US900123CR91,23.12.2023,506,USD,100.054694,7.84,103.19525,5.49
US900123CR91,23.12.2023,505,USD,100.351833,7.62,103.622389,5.18
US900123CR91,23.12.2023,502,USD,100.33425,7.69,103.496528,5.29
US900123CR91,23.12.2023,501,USD,100.579389,7.51,103.664667,5.17
US900123CR91,23.12.2023,500,USD,100.444528,7.63,103.529806,5.29
US900123CR91,23.12.2023,499,USD,101.086667,7.15,103.680222,5.21
US900123CR91,23.12.2023,498,USD,101.136806,7.12,103.762361,5.15
US900123CR91,23.12.2023,495,USD,100.956222,7.31,103.5565,5.32
US900123CR91,23.12.2023,494,USD,100.789361,7.46,103.452639,5.41
US900123CR91,23.12.2023,493,USD,100.3015,7.86,102.821778,5.91
US900123CR91,23.12.2023,492,USD,99.672639,8.39,102.288194,6.37
US900123CR91,23.12.2023,491,USD,99.727778,8.36,102.343333,6.34
US900123CR91,23.12.2023,488,USD,99.567194,8.55,102.182472,6.48
US900123CR91,23.12.2023,487,USD,99.799333,8.38,102.339611,6.37
US900123CR91,23.12.2023,486,USD,100.341472,7.95,102.85175,5.98
US900123CR91,23.12.2023,485,USD,100.758611,7.63,103.247167,5.71
US900123CR91,23.12.2023,484,USD,100.68375,7.71,103.309306,5.67
US900123CR91,23.12.2023,479,USD,100.375306,8.03,102.739583,6.15
US900123CR91,23.12.2023,478,USD,100.086444,8.29,102.552139,6.36
US900123CR91,23.12.2023,477,USD,100.479583,7.98,102.945278,6.05
US900123CR91,23.12.2023,474,USD,100.37,8.13,102.920278,6.07
US900123CR91,23.12.2023,473,USD,100.657139,7.91,103.171417,5.89
US900123CR91,23.12.2023,472,USD,100.594278,7.98,103.081556,5.97
US900123CR91,23.12.2023,471,USD,100.840417,7.79,103.460972,5.7
US900123CR91,23.12.2023,470,USD,100.945556,7.72,103.566111,5.63
US900123CR91,23.12.2023,467,USD,101.443972,7.36,104.02425,5.28
US900123CR91,23.12.2023,466,USD,101.336111,7.47,103.844389,5.43
US900123CR91,23.12.2023,465,USD,100.98125,7.78,103.368528,5.83
US900123CR91,23.12.2023,464,USD,101.051389,7.74,103.544944,5.73
US900123CR91,23.12.2023,463,USD,100.625528,8.12,103.181083,6.04
US900123CR91,23.12.2023,459,USD,100.839083,8.01,103.241361,6.02
US900123CR91,23.12.2023,458,USD,100.961222,7.93,103.3645,5.93
US900123CR91,23.12.2023,457,USD,100.935361,7.97,103.433917,5.92
US900123CR91,23.12.2023,456,USD,100.6295,8.25,103.128056,6.19
US900123CR91,23.12.2023,453,USD,100.221917,8.66,103.086194,6.24
US900123CR91,23.12.2023,452,USD,100.692056,8.27,103.493333,5.91
US900123CR91,23.12.2023,451,USD,100.324194,8.62,103.126472,6.23
US900123CR91,23.12.2023,450,USD,100.754333,8.26,103.596889,5.88
US900123CR91,23.12.2023,449,USD,101.148472,7.93,103.990028,5.56
US900123CR91,23.12.2023,446,USD,101.069889,8.06,104.038167,5.53
US900123CR91,23.12.2023,445,USD,101.424028,7.77,104.392306,5.24
US900123CR91,23.12.2023,444,USD,101.487167,7.73,103.955444,5.63
US900123CR91,23.12.2023,443,USD,101.520306,7.72,104.041,5.61
US900123CR91,23.12.2023,442,USD,101.432444,7.82,103.955139,5.7
US900123CR91,23.12.2023,439,USD,101.436861,7.87,103.899139,5.75
US900123CR91,23.12.2023,438,USD,101.28,8.03,103.742278,5.9
US900123CR91,23.12.2023,437,USD,101.426139,7.92,103.886417,5.79
US900123CR91,23.12.2023,436,USD,101.360278,8.0,103.835833,5.87
US900123CR91,23.12.2023,435,USD,101.308417,8.07,103.863972,5.86
US900123CR91,23.12.2023,432,USD,101.377833,8.06,103.893111,5.85
US900123CR91,23.12.2023,431,USD,101.639972,7.85,104.04125,5.74
US900123CR91,23.12.2023,430,USD,101.691111,7.82,104.092389,5.71
US900123CR91,23.12.2023,429,USD,101.63125,7.89,104.072806,5.77
US900123CR91,23.12.2023,428,USD,101.559389,7.98,103.999944,5.85
US900123CR91,23.12.2023,425,USD,101.844806,7.78,104.305083,5.59
US900123CR91,23.12.2023,424,USD,101.858944,7.78,104.317222,5.59
US900123CR91,23.12.2023,423,USD,102.340083,7.36,104.798361,5.18
US900123CR91,23.12.2023,422,USD,102.398222,7.33,104.876639,5.13
US900123CR91,23.12.2023,421,USD,102.407361,7.34,104.747778,5.26
US900123CR91,23.12.2023,418,USD,102.491639,7.3,104.924917,5.12
US900123CR91,23.12.2023,417,USD,102.675778,7.15,105.107056,4.97
US900123CR91,23.12.2023,416,USD,102.756917,7.09,105.176194,4.92
US900123CR91,23.12.2023,415,USD,102.615056,7.24,105.111611,5.01
US900123CR91,23.12.2023,414,USD,102.889194,7.0,105.38575,4.78
US900123CR91,23.12.2023,411,USD,103.158611,6.81,105.574889,4.62
US900123CR91,23.12.2023,410,USD,103.25875,6.73,105.846028,4.39
US900123CR91,23.12.2023,409,USD,103.339889,6.67,106.006583,4.29
US900123CR91,23.12.2023,408,USD,103.335028,6.7,106.001722,4.3
US900123CR91,23.12.2023,407,USD,103.742167,6.33,106.367722,3.97
US900123CR91,23.12.2023,404,USD,103.827583,6.3,106.206861,4.13
US900123CR91,23.12.2023,403,USD,103.648722,6.49,106.214,4.13
US900123CR91,23.12.2023,402,USD,103.647861,6.51,106.412139,3.96
US900123CR91,23.12.2023,401,USD,103.736,6.44,106.296556,4.1
US900123CR91,23.12.2023,400,USD,103.565139,6.62,106.126694,4.27
US900123CR91,23.12.2023,397,USD,103.558556,6.68,106.079833,4.32
US900123CR91,23.12.2023,396,USD,103.700694,6.56,106.284111,4.16
US900123CR91,23.12.2023,395,USD,103.777833,6.51,106.400528,4.08
US900123CR91,23.12.2023,394,USD,103.873972,6.43,106.541528,3.95
US900123CR91,23.12.2023,393,USD,103.935111,6.39,106.574667,3.93
US900123CR91,23.12.2023,390,USD,103.914528,6.46,106.475806,4.03
US900123CR91,23.12.2023,389,USD,103.890667,6.51,106.494944,4.03
US900123CR91,23.12.2023,388,USD,103.905806,6.51,106.508083,4.02
US900123CR91,23.12.2023,387,USD,104.084944,6.35,106.5655,4.0
US900123CR91,23.12.2023,386,USD,104.143083,6.31,106.723639,3.86
US900123CR91,23.12.2023,383,USD,104.2385,6.27,106.638778,3.96
US900123CR91,23.12.2023,382,USD,104.240639,6.29,106.655917,3.95
US900123CR91,23.12.2023,381,USD,104.276778,6.27,106.816056,3.81
US900123CR91,23.12.2023,380,USD,104.258917,6.3,106.862472,3.79
US900123CR91,23.12.2023,379,USD,104.304056,6.28,106.857611,3.81
US900123CR91,23.12.2023,376,USD,104.366472,6.27,106.84275,3.83
US900123CR91,23.12.2023,375,USD,104.391611,6.26,106.907889,3.78
US900123CR91,23.12.2023,374,USD,104.47175,6.2,106.988028,3.71
US900123CR91,23.12.2023,373,USD,104.273889,6.42,106.908444,3.83
US900123CR91,23.12.2023,372,USD,104.246028,6.46,106.882583,3.86
US900123CR91,23.12.2023,369,USD,104.289444,6.48,106.706722,4.05
US900123CR91,23.12.2023,368,USD,104.346583,6.44,106.841861,3.93
US900123CR91,23.12.2023,367,USD,104.317722,6.48,106.813,3.97
US900123CR91,23.12.2023,366,USD,104.377861,6.44,103.308556,3.89
US900123CR91,23.12.2023,365,USD,100.746,6.47,103.235694,3.98
US900123CR91,23.12.2023,362,USD,100.773417,6.49,103.138694,4.07
US900123CR91,23.12.2023,361,USD,100.855556,6.43,103.095833,4.13
US900123CR91,23.12.2023,360,USD,100.791694,6.51,103.190972,4.04
US900123CR91,23.12.2023,359,USD,100.717833,6.61,103.194389,4.08
US900123CR91,23.12.2023,358,USD,100.644972,6.71,103.238528,4.04
US900123CR91,23.12.2023,355,USD,100.85425,6.52,103.219528,4.06
US900123CR91,23.12.2023,354,USD,100.759389,6.64,103.186667,4.11
US900123CR91,23.12.2023,353,USD,100.748528,6.68,103.238806,4.07
US900123CR91,23.12.2023,352,USD,100.745667,6.7,103.170222,4.18
US900123CR91,23.12.2023,351,USD,100.786806,6.67,102.723361,4.66
US900123CR91,23.12.2023,348,USD,100.935222,6.57,102.8485,4.54
US900123CR91,23.12.2023,347,USD,100.767361,6.78,102.738639,4.67
US900123CR91,23.12.2023,346,USD,100.4885,7.1,102.826778,4.59
US900123CR91,23.12.2023,345,USD,100.571639,7.03,102.901333,4.57
US900123CR91,23.12.2023,344,USD,100.656778,6.96,103.002472,4.47
US900123CR91,23.12.2023,341,USD,100.570194,7.12,103.055472,4.42
US900123CR91,23.12.2023,340,USD,100.572333,7.14,103.057611,4.43
US900123CR91,23.12.2023,339,USD,100.615472,7.11,103.06475,4.43
US900123CR91,23.12.2023,338,USD,100.679611,7.06,102.782167,4.79
US900123CR91,23.12.2023,337,USD,100.73175,7.03,102.834306,4.74
US900123CR91,23.12.2023,334,USD,100.827167,6.98,102.833444,4.76
US900123CR91,23.12.2023,333,USD,100.831306,7.0,102.837583,4.77
US900123CR91,23.12.2023,332,USD,100.825444,7.03,102.829722,4.79
US900123CR91,23.12.2023,331,USD,100.807583,7.07,102.852139,4.81
US900123CR91,23.12.2023,330,USD,100.684722,7.24,102.759139,4.92
US900123CR91,23.12.2023,327,USD,100.796139,7.18,102.730278,4.97
US900123CR91,23.12.2023,326,USD,100.687139,7.31,102.673417,5.05
US900123CR91,23.12.2023,325,USD,100.771278,7.23,102.773556,4.95
US900123CR91,23.12.2023,324,USD,100.959417,7.03,102.986972,4.75
US900123CR91,23.12.2023,323,USD,100.962556,7.05,102.948111,4.81
US900123CR91,23.12.2023,320,USD,100.680972,7.46,102.64725,5.18
US900123CR91,23.12.2023,319,USD,100.741111,7.41,102.664389,5.18
US900123CR91,23.12.2023,318,USD,100.73425,7.44,102.658528,5.2
US900123CR91,23.12.2023,317,USD,100.747389,7.45,102.709944,5.19
US900123CR91,23.12.2023,316,USD,100.630528,7.62,102.600083,5.34
US900123CR91,23.12.2023,313,USD,100.598944,7.73,102.488222,5.49
US900123CR91,23.12.2023,312,USD,100.578083,7.78,102.465361,5.54
US900123CR91,23.12.2023,311,USD,100.593222,7.79,102.4805,5.54
US900123CR91,23.12.2023,310,USD,100.656361,7.74,102.601056,5.47
US900123CR91,23.12.2023,309,USD,100.5425,7.91,102.487194,5.62
US900123CR91,23.12.2023,306,USD,100.618917,7.89,102.569194,5.52
US900123CR91,23.12.2023,305,USD,100.580056,7.97,102.511333,5.61
US900123CR91,23.12.2023,304,USD,100.528194,8.06,102.452472,5.71
US900123CR91,23.12.2023,303,USD,100.544333,8.07,102.508889,5.7
US900123CR91,23.12.2023,302,USD,100.661472,7.95,102.625028,5.57
US900123CR91,23.12.2023,299,USD,100.700889,7.98,102.676444,5.56
US900123CR91,23.12.2023,298,USD,100.767028,7.93,102.742583,5.5
US900123CR91,23.12.2023,297,USD,100.906444,7.83,102.805722,5.44
US900123CR91,23.12.2023,296,USD,100.890583,7.88,102.813139,5.49
US900123CR91,23.12.2023,295,USD,100.934722,7.85,102.928278,5.36
US900123CR91,23.12.2023,292,USD,101.088139,7.73,102.997417,5.29
US900123CR91,23.12.2023,291,USD,101.183278,7.63,103.073556,5.21
US900123CR91,23.12.2023,290,USD,101.123417,7.74,102.973694,5.36
US900123CR91,23.12.2023,289,USD,101.121556,7.77,103.009111,5.37
US900123CR91,23.12.2023,288,USD,101.123694,7.8,103.02925,5.37
US900123CR91,23.12.2023,285,USD,101.260111,7.7,103.137389,5.25
US900123CR91,23.12.2023,284,USD,101.35925,7.6,103.221528,5.15
US900123CR91,23.12.2023,283,USD,101.289389,7.72,103.214667,5.18
US900123CR91,23.12.2023,282,USD,101.400528,7.6,103.366083,5.04
US900123CR91,23.12.2023,281,USD,101.591667,7.36,103.535222,4.83
US900123CR91,23.12.2023,278,USD,101.555083,7.5,103.400361,5.03
US900123CR91,23.12.2023,277,USD,101.662222,7.38,103.5335,4.87
US900123CR91,23.12.2023,276,USD,101.748361,7.29,103.571639,4.84
US900123CR91,23.12.2023,275,USD,101.7865,7.26,103.753056,4.65
US900123CR91,23.12.2023,274,USD,101.883639,7.16,103.826194,4.56
US900123CR91,23.12.2023,271,USD,101.959056,7.13,103.852333,4.55
US900123CR91,23.12.2023,270,USD,101.946194,7.18,103.835472,4.59
US900123CR91,23.12.2023,269,USD,101.979333,7.16,103.866472,4.54
US900123CR91,23.12.2023,268,USD,102.044472,7.1,103.935889,4.5
US900123CR91,23.12.2023,267,USD,101.999472,7.16,103.910028,4.56
US900123CR91,23.12.2023,264,USD,102.169889,7.0,104.020167,4.42
US900123CR91,23.12.2023,263,USD,102.094028,7.14,103.987306,4.48
US900123CR91,23.12.2023,262,USD,102.198167,7.02,104.043444,4.42
US900123CR91,23.12.2023,261,USD,102.123306,7.16,103.970861,4.58
US900123CR91,23.12.2023,256,USD,102.258,7.1,104.081278,4.48
US900123CR91,23.12.2023,255,USD,102.362139,6.98,104.135417,4.42
US900123CR91,23.12.2023,254,USD,102.369278,7.0,104.297833,4.23
US900123CR91,23.12.2023,253,USD,102.431417,6.93,104.353972,4.17
US900123CR91,23.12.2023,250,USD,102.474833,6.96,104.301111,4.26
US900123CR91,23.12.2023,249,USD,102.476972,6.98,104.30325,4.28
US900123CR91,23.12.2023,248,USD,102.518111,6.95,104.344806,4.29
US900123CR91,23.12.2023,247,USD,102.48325,7.03,104.375944,4.26
US900123CR91,23.12.2023,243,USD,101.814806,8.21,103.752083,5.24
US900123CR91,23.12.2023,242,USD,101.872944,8.15,103.777222,5.22
US900123CR91,23.12.2023,241,USD,101.951083,8.06,103.855361,5.12
US900123CR91,23.12.2023,240,USD,102.048222,7.94,104.010917,4.97
US900123CR91,23.12.2023,239,USD,101.972361,8.1,103.934056,5.12
US900123CR91,23.12.2023,235,USD,101.981917,8.23,103.987194,5.05
US900123CR91,23.12.2023,234,USD,101.956056,8.31,103.954333,5.13
US900123CR91,23.12.2023,233,USD,101.960194,8.34,104.00775,5.11
US900123CR91,23.12.2023,232,USD,101.859333,8.55,103.936889,5.25
US900123CR91,23.12.2023,229,USD,101.74575,8.86,104.109028,5.0
US900123CR91,23.12.2023,228,USD,101.654889,9.06,103.672167,5.74
US900123CR91,23.12.2023,227,USD,101.694028,9.03,103.736306,5.66
US900123CR91,23.12.2023,226,USD,102.023167,8.51,104.111722,5.11
US900123CR91,23.12.2023,225,USD,101.998306,8.59,104.067861,5.21
US900123CR91,23.12.2023,222,USD,100.515722,11.33,102.772,7.45
US900123CR91,23.12.2023,221,USD,100.132861,12.08,102.428139,8.09
US900123CR91,23.12.2023,220,USD,100.05,12.29,102.336694,8.42
US900123CR91,23.12.2023,219,USD,99.966139,12.51,102.201833,8.7
US900123CR91,23.12.2023,215,USD,100.274694,12.18,102.331972,8.51
US900123CR91,23.12.2023,214,USD,100.334833,12.13,102.410111,8.41
US900123CR91,23.12.2023,213,USD,100.575972,11.74,102.60625,8.1
US900123CR91,23.12.2023,212,USD,100.582111,11.79,102.695806,8.1
US900123CR91,23.12.2023,211,USD,100.64025,11.74,102.775806,7.95
US900123CR91,23.12.2023,208,USD,100.841667,11.54,102.874806,7.77
US900123CR91,23.12.2023,207,USD,101.209806,10.89,103.328944,6.97
US900123CR91,23.12.2023,206,USD,101.357806,10.61,103.392083,6.89
US900123CR91,23.12.2023,205,USD,101.997944,9.45,104.1615,5.56
US900123CR91,23.12.2023,204,USD,102.065083,9.37,104.208639,5.5
US900123CR91,23.12.2023,201,USD,102.4415,8.8,104.545778,4.9
US900123CR91,23.12.2023,200,USD,102.455639,8.82,104.559917,4.9
US900123CR91,23.12.2023,199,USD,102.471778,8.83,104.501056,5.04
US900123CR91,23.12.2023,198,USD,102.411917,9.0,104.502472,5.12
US900123CR91,23.12.2023,197,USD,102.423056,9.03,104.457611,5.23
US900123CR91,23.12.2023,194,USD,102.444472,9.13,104.52875,5.12
US900123CR91,23.12.2023,193,USD,102.518611,9.04,104.510889,5.19
US900123CR91,23.12.2023,192,USD,102.71675,8.69,104.658028,4.93
US900123CR91,23.12.2023,191,USD,102.716889,8.74,104.697444,4.94
US900123CR91,23.12.2023,190,USD,102.710028,8.8,104.762583,4.83
US900123CR91,23.12.2023,187,USD,102.689444,9.0,104.705722,4.98
US900123CR91,23.12.2023,186,USD,102.602583,9.23,104.640861,5.14
US900123CR91,23.12.2023,185,USD,102.623722,9.24,104.663,5.12
US900123CR91,23.12.2023,184,USD,102.605861,9.33,100.993417,5.3
US900123CR91,23.12.2023,183,USD,99.068,9.2,101.145556,5.01
US900123CR91,23.12.2023,180,USD,99.125417,9.23,101.264389,4.94
US900123CR91,23.12.2023,179,USD,99.295556,8.92,101.314667,4.89
US900123CR91,23.12.2023,173,USD,99.328389,9.16,101.340806,4.86
US900123CR91,23.12.2023,172,USD,99.348528,9.17,101.340806,4.86
US900123CR91,23.12.2023,171,USD,99.400667,9.11,101.367944,4.83
US900123CR91,23.12.2023,170,USD,99.316806,9.35,101.385361,4.88
US900123CR91,23.12.2023,169,USD,99.448944,9.11,101.5175,4.61
US900123CR91,23.12.2023,166,USD,99.607361,8.91,101.574639,4.51
US900123CR91,23.12.2023,165,USD,99.7485,8.64,101.719778,4.21
US900123CR91,23.12.2023,164,USD,99.917639,8.3,101.826917,4.0
US900123CR91,23.12.2023,163,USD,99.953778,8.26,101.965333,3.76
US900123CR91,23.12.2023,162,USD,99.994917,8.22,101.986472,3.73
US900123CR91,23.12.2023,159,USD,99.935333,8.52,101.864611,4.04
US900123CR91,23.12.2023,158,USD,99.931472,8.58,101.85575,4.09
US900123CR91,23.12.2023,157,USD,99.884611,8.75,101.874889,4.07
US900123CR91,23.12.2023,156,USD,100.11875,8.24,102.246306,3.26
US900123CR91,23.12.2023,155,USD,100.119889,8.29,102.117444,3.59
US900123CR91,23.12.2023,152,USD,100.105306,8.5,102.077583,3.71
US900123CR91,23.12.2023,151,USD,100.099444,8.57,102.133722,3.6
US900123CR91,23.12.2023,150,USD,100.198583,8.37,102.199861,3.46
US900123CR91,23.12.2023,149,USD,100.237722,8.33,102.184139,3.55
US900123CR91,23.12.2023,148,USD,100.448861,7.85,102.576278,2.59
US900123CR91,23.12.2023,145,USD,100.364139,8.18,102.334417,3.22
US900123CR91,23.12.2023,144,USD,100.278278,8.46,102.246556,3.47
US900123CR91,23.12.2023,143,USD,100.157417,8.84,102.126694,3.8
US900123CR91,23.12.2023,142,USD,100.257556,8.64,102.181111,3.74
US900123CR91,23.12.2023,141,USD,100.306694,8.57,102.23025,3.64
US900123CR91,23.12.2023,138,USD,100.318111,8.73,102.199389,3.75
US900123CR91,23.12.2023,137,USD,100.33825,8.74,102.219528,3.72
US900123CR91,23.12.2023,136,USD,100.419389,8.58,102.299667,3.53
US900123CR91,23.12.2023,135,USD,100.447528,8.56,102.368083,3.43
US900123CR91,23.12.2023,134,USD,100.551667,8.34,102.470222,3.17
US900123CR91,23.12.2023,131,USD,100.485083,8.72,102.345361,3.54
